type	id	project_id	submitter_id	specimen_id	subjects.id	subjects.submitter_id
sample	00075d7d-6b28-4256-9c93-b221532daa0e	tutorial-synthetic_data_set_1	NA12272_sample	NA12272_sample	be7df180-21c4-43ba-a5f2-76ad456b1c70	NA12272
sample	00378093-7510-432a-a8b8-870679e78624	tutorial-synthetic_data_set_1	HG03832_sample	HG03832_sample	bccec49b-06b5-4051-adb0-66ad1d3a1088	HG03832
sample	003a9b8e-6b19-46f3-98f2-d3246230a271	tutorial-synthetic_data_set_1	NA19027_sample	NA19027_sample	8451f4bf-283f-493f-88ef-6c9bf36ae27c	NA19027
sample	003cbbda-7b40-4d24-a7c5-b7c503fd81ff	tutorial-synthetic_data_set_1	HG03611_sample	HG03611_sample	2056718f-51d0-457d-b20a-1f8c6433aaee	HG03611
sample	005eb80a-fc96-430d-9f4d-58638b20317c	tutorial-synthetic_data_set_1	NA20511_sample	NA20511_sample	b2fb28b1-8e87-44f4-af96-82053e8d931d	NA20511
sample	006679aa-0938-4ff4-aba0-c95b59021299	tutorial-synthetic_data_set_1	NA18963_sample	NA18963_sample	05e0225a-5daf-46fe-a9fc-d6e026414d06	NA18963
sample	006d5c48-2dfa-4273-91d7-3ea36ce993e7	tutorial-synthetic_data_set_1	NA20799_sample	NA20799_sample	a268f9fd-ca54-499e-89c8-a21c28ba853e	NA20799
sample	0078faba-7531-47e6-a8a5-0edc154a970d	tutorial-synthetic_data_set_1	HG00306_sample	HG00306_sample	7e67256f-ebbf-4853-80bd-2d3999de267b	HG00306
sample	007ff761-7366-4d0a-87c0-764131f75c14	tutorial-synthetic_data_set_1	HG01414_sample	HG01414_sample	974372fa-ea04-494e-b061-369052ea6aba	HG01414
sample	00871199-4da7-4dac-814b-b98de299560a	tutorial-synthetic_data_set_1	HG03449_sample	HG03449_sample	f3b7daff-09de-4dba-a285-6d2318782e04	HG03449
sample	009403dd-3cfe-460b-8204-901e56b37ca6	tutorial-synthetic_data_set_1	NA18614_sample	NA18614_sample	ee9336df-9b2b-4f0d-a3a3-c2709f0f428c	NA18614
sample	009a4990-767d-47c6-a07a-8f4fd999606f	tutorial-synthetic_data_set_1	HG03870_sample	HG03870_sample	7e4403d3-557d-445a-93d3-30404afdc38b	HG03870
sample	0123f9ec-4a01-4bdb-b42e-fda3c923e430	tutorial-synthetic_data_set_1	HG01357_sample	HG01357_sample	91fa1a37-1f7d-4f7d-81c7-41235f052e47	HG01357
sample	0172fa24-13c8-49ca-8a23-74d03678341c	tutorial-synthetic_data_set_1	HG03746_sample	HG03746_sample	aed8cf77-2006-4efd-a640-120128c7056a	HG03746
sample	01865924-dba9-49b5-ade2-d16ef28414a7	tutorial-synthetic_data_set_1	NA18511_sample	NA18511_sample	4cb5f513-632a-40f8-a731-c623c949b122	NA18511
sample	01897f2d-390f-4ab9-91c9-3c3c8ed5c2c7	tutorial-synthetic_data_set_1	HG02678_sample	HG02678_sample	5151c945-c8d6-471c-8054-fc981721776a	HG02678
sample	01a9ff60-7cbf-4d88-90ce-33e5c804f7b5	tutorial-synthetic_data_set_1	NA19431_sample	NA19431_sample	954430f8-8e18-4fb2-9208-b7253568334c	NA19431
sample	01ae0f53-7136-4f26-8b92-48ddbaf7400e	tutorial-synthetic_data_set_1	NA12717_sample	NA12717_sample	29d1ea99-6533-41ef-b0ef-79e27ce4dc57	NA12717
sample	01d48a7c-a2b9-47cd-ae36-ecbfa4835b21	tutorial-synthetic_data_set_1	HG02277_sample	HG02277_sample	e51d4ddb-f8fc-47c0-b23f-3e2a7804e77a	HG02277
sample	0226c2c9-004a-46dd-b4de-6de23b2ad0a5	tutorial-synthetic_data_set_1	NA18993_sample	NA18993_sample	71952265-cdfe-4f66-8d32-aa0d63012343	NA18993
sample	022e92a0-2544-4580-a61c-d1e5d58321d0	tutorial-synthetic_data_set_1	HG01107_sample	HG01107_sample	662720d0-37d2-4e74-ae6c-e20e104aeee1	HG01107
sample	026f7387-4c6a-4ffb-b754-0dbe34ad2987	tutorial-synthetic_data_set_1	HG00708_sample	HG00708_sample	f40d9461-dbd2-4652-b470-705b8c8992f2	HG00708
sample	0296ae0b-e43a-4088-8b49-95885e2d2d45	tutorial-synthetic_data_set_1	HG01198_sample	HG01198_sample	edca5904-2e15-43fc-870f-1b6773bc5c60	HG01198
sample	02b86b24-5737-400c-84b5-ed424ad4c879	tutorial-synthetic_data_set_1	HG03785_sample	HG03785_sample	645733e5-5a12-47ee-b10c-d84a59372882	HG03785
sample	02c1c286-357d-483c-a0f8-6f4f10908b40	tutorial-synthetic_data_set_1	HG00332_sample	HG00332_sample	a3d2dd7e-19f0-4b3a-88d0-a96e9edf2eda	HG00332
sample	02caa404-1c28-4a73-8ede-749eaa5cef28	tutorial-synthetic_data_set_1	NA19081_sample	NA19081_sample	f4b096a8-9a9f-4a8c-b647-2b51a3601583	NA19081
sample	0325f4ee-b586-4771-ad2d-174022e16661	tutorial-synthetic_data_set_1	NA20754_sample	NA20754_sample	80f1ddeb-d65b-429b-8f23-e182626bb909	NA20754
sample	033de3ad-c86f-419a-977d-51b977562056	tutorial-synthetic_data_set_1	HG01791_sample	HG01791_sample	3b4f3509-c615-4c76-8da1-becc93c0d1c7	HG01791
sample	035a3573-ba36-457f-8cf3-a8c3bcfa86c6	tutorial-synthetic_data_set_1	HG01435_sample	HG01435_sample	d7a16c0b-dc79-49a1-967d-1c43eda2e7ef	HG01435
sample	035eaf2a-2d1d-47df-8e58-b293afad64cf	tutorial-synthetic_data_set_1	HG02219_sample	HG02219_sample	65420a4c-c2c6-4ca3-9345-53fa9ab2d06c	HG02219
sample	039c49bd-7c5c-436e-a5f5-17c798a2be5b	tutorial-synthetic_data_set_1	HG02981_sample	HG02981_sample	df8032dd-f9dd-4591-8f95-27ca9930ac99	HG02981
sample	03a70d48-88ca-4c3d-a1c7-0f72002dce0e	tutorial-synthetic_data_set_1	HG02481_sample	HG02481_sample	abd2a220-34c6-4b83-a4ea-0ceb60e5a661	HG02481
sample	03c5628a-651a-47f7-ab1c-ecacb58efd77	tutorial-synthetic_data_set_1	HG01872_sample	HG01872_sample	4cc4d5b9-6386-49bf-b712-3b6445dd388e	HG01872
sample	03d1f7be-a900-42bd-915a-ef503ec01233	tutorial-synthetic_data_set_1	NA21130_sample	NA21130_sample	643a290d-0a03-47b5-9d8f-d13e29dcf3db	NA21130
sample	03ea1cb1-1e30-4ac5-b7fd-73664550edc4	tutorial-synthetic_data_set_1	NA19750_sample	NA19750_sample	f130d34b-577b-4cab-be74-305c7fadc64a	NA19750
sample	04002e72-8455-433d-b09f-2052327633ac	tutorial-synthetic_data_set_1	NA12489_sample	NA12489_sample	64752ac6-2d31-4cac-a669-d837e66b16e5	NA12489
sample	04074bc1-46f9-4319-bf62-4fb70eebdc1f	tutorial-synthetic_data_set_1	NA20536_sample	NA20536_sample	3d62d455-935f-4b28-9fef-019f43b5ad04	NA20536
sample	0416983c-dfe5-46f2-a0ae-73ab237117db	tutorial-synthetic_data_set_1	HG00381_sample	HG00381_sample	cf97b83d-82df-4e8b-9e8f-99a0525d9673	HG00381
sample	0423080d-824e-49ba-b06b-f00f0b2cc07a	tutorial-synthetic_data_set_1	NA18948_sample	NA18948_sample	7c521294-6ec1-4861-a84a-87e19509bad9	NA18948
sample	043600bb-8e07-4844-9e12-92a01fc69201	tutorial-synthetic_data_set_1	HG01632_sample	HG01632_sample	7da373a3-b8ac-43cd-ba39-66dee0f69c6d	HG01632
sample	04837804-4420-41cb-a1f3-32c61416338b	tutorial-synthetic_data_set_1	NA20768_sample	NA20768_sample	b4bed50e-6426-419b-8c66-f19e4b59c008	NA20768
sample	04cab543-3109-439c-aae2-c5794784b439	tutorial-synthetic_data_set_1	HG02884_sample	HG02884_sample	489854cd-e163-4f87-b2fd-4bcba46cce1a	HG02884
sample	04cb546b-4b9e-4fc2-bf2d-e38320cc7b60	tutorial-synthetic_data_set_1	NA21127_sample	NA21127_sample	c12be0c0-00fe-415e-9dcb-c2006259372a	NA21127
sample	04ffff12-817a-4093-9e72-07e09eb0fb1c	tutorial-synthetic_data_set_1	HG01864_sample	HG01864_sample	a95b6b7c-0014-434c-9356-f5051e9a8370	HG01864
sample	05486715-bc82-4faa-9c18-7ce8e65045aa	tutorial-synthetic_data_set_1	NA19731_sample	NA19731_sample	86c30da0-9ddc-41f5-8c46-70338ee5dd78	NA19731
sample	054bccc8-83e3-40cd-ba5e-b5681743796e	tutorial-synthetic_data_set_1	HG00189_sample	HG00189_sample	84b989aa-99c4-4443-8cb0-723637283631	HG00189
sample	05617140-a57d-4152-b25c-a264211f03f1	tutorial-synthetic_data_set_1	HG03885_sample	HG03885_sample	7e9c030c-193b-4021-8a2e-0a959e1b157d	HG03885
sample	056608f8-efaf-404f-9571-5d400d8aa854	tutorial-synthetic_data_set_1	NA19984_sample	NA19984_sample	5ad7994c-d537-458d-8f8d-b65fab14d83f	NA19984
sample	057f5672-9a4e-49df-b310-43b681b5f03a	tutorial-synthetic_data_set_1	HG03850_sample	HG03850_sample	804f83ef-bdc3-473b-978d-2cf448d8edd8	HG03850
sample	058c3140-6436-4980-9b36-ecbeca9b3a9d	tutorial-synthetic_data_set_1	NA12043_sample	NA12043_sample	37673673-fcc4-41f7-ba26-2d519fcf5a90	NA12043
sample	05a363bf-fa9b-40fd-bc25-ed5f62cc44a5	tutorial-synthetic_data_set_1	HG02069_sample	HG02069_sample	3f07f8f4-d942-488e-8412-1ee020e2938d	HG02069
sample	05dc2f02-ffdd-4be0-90a7-cd40393d2621	tutorial-synthetic_data_set_1	HG01378_sample	HG01378_sample	af057507-746f-474f-9cdf-81b67d78ab7a	HG01378
sample	05dcae48-37f9-4629-8b9e-0d4ad084bf91	tutorial-synthetic_data_set_1	HG02178_sample	HG02178_sample	8230c2f1-f867-4113-8b5f-023027c9f614	HG02178
sample	05e23735-bd09-48f7-be13-40e116c4cee0	tutorial-synthetic_data_set_1	HG02646_sample	HG02646_sample	f23b92be-683a-4ced-a60b-a3fdea402965	HG02646
sample	05ec1c1c-1d05-484b-a37b-3d35160530ef	tutorial-synthetic_data_set_1	HG04158_sample	HG04158_sample	0e29e375-bd1b-4453-9f37-57646984c8da	HG04158
sample	05f5da71-e22a-4abc-a984-c0e8a8141785	tutorial-synthetic_data_set_1	HG02053_sample	HG02053_sample	75dd8810-0697-4f0b-922c-3e0d2339bacb	HG02053
sample	05fae33f-81a7-45c1-834a-7b0a17a00411	tutorial-synthetic_data_set_1	HG00982_sample	HG00982_sample	334578ba-91f0-4eb0-abee-7ab18c2cd8aa	HG00982
sample	061a67db-50a9-4b12-8d64-8a14441e098c	tutorial-synthetic_data_set_1	HG00115_sample	HG00115_sample	ad951ac5-d6b9-422b-89bf-2b5f8f499d5d	HG00115
sample	0653739e-afc6-4cff-9ccb-2b3477f32c99	tutorial-synthetic_data_set_1	NA18624_sample	NA18624_sample	b793b68c-93c9-48a0-9365-985f506b6089	NA18624
sample	06701dc9-6ba1-4562-a298-d3ec885233b4	tutorial-synthetic_data_set_1	NA18626_sample	NA18626_sample	1ae019d2-320b-452f-81f6-e0ee0704777c	NA18626
sample	06780dee-a324-46b7-b4ce-6f4f9187e48a	tutorial-synthetic_data_set_1	HG00232_sample	HG00232_sample	12cf0a78-9117-4df2-a4ed-fb21cb76a2f5	HG00232
sample	069425d9-49a6-4a5e-8481-748fc0481eda	tutorial-synthetic_data_set_1	HG02374_sample	HG02374_sample	f2a9a496-765a-47ae-852a-c8038c8ab91d	HG02374
sample	06bcb7fe-2cf3-44ce-a33a-8828013c7f0c	tutorial-synthetic_data_set_1	HG02603_sample	HG02603_sample	71271c33-bfe3-45ae-a505-627d2504a117	HG02603
sample	06c2f6b7-34fa-4a50-87d6-71848cb0a114	tutorial-synthetic_data_set_1	HG02397_sample	HG02397_sample	ce78bfdc-894d-46cb-99e2-a416b211b8e8	HG02397
sample	06d0500e-03ce-44d3-b629-79a6d5567c6d	tutorial-synthetic_data_set_1	NA20282_sample	NA20282_sample	59ca77aa-fcde-472e-8f64-58e55e62f639	NA20282
sample	06def276-faaf-4fd3-a652-bd876027c580	tutorial-synthetic_data_set_1	NA18636_sample	NA18636_sample	69bcd9a6-cdac-44d7-b57b-6e06aeb2fb0c	NA18636
sample	0725d56d-080a-4be8-9877-570ce36ed202	tutorial-synthetic_data_set_1	HG01488_sample	HG01488_sample	c236f51d-51a5-4d50-8651-5e4a766d538f	HG01488
sample	073839cd-b9db-4451-8327-a045582eee8b	tutorial-synthetic_data_set_1	NA19786_sample	NA19786_sample	1989ecde-3e92-4a46-9cda-ef91a93f217c	NA19786
sample	074c79e2-e510-4e27-908b-1aa93043c206	tutorial-synthetic_data_set_1	NA18625_sample	NA18625_sample	2872373e-894c-454d-aeff-650c2a2578a7	NA18625
sample	075883f2-c016-4a81-9d2b-3e5b9646a1a4	tutorial-synthetic_data_set_1	NA19152_sample	NA19152_sample	e98ef19c-8360-40c2-993f-9e5bc919b22f	NA19152
sample	07612ef8-e7ca-4dad-8b1b-557fbedc4b28	tutorial-synthetic_data_set_1	NA19225_sample	NA19225_sample	15deba7f-bb46-4467-8ce5-02f1b4b3742b	NA19225
sample	07849311-f6d5-45e5-86f4-f53ea4330adc	tutorial-synthetic_data_set_1	HG04161_sample	HG04161_sample	15cea905-73f6-426b-a008-f9d698495cce	HG04161
sample	07e5a6aa-9555-42c2-a1cb-1f797f1f7911	tutorial-synthetic_data_set_1	HG00116_sample	HG00116_sample	b13c221e-29e4-49c4-9b57-201ec0518778	HG00116
sample	080fd308-d3ab-44f8-b3cd-40160841f007	tutorial-synthetic_data_set_1	NA19006_sample	NA19006_sample	e85d704e-f771-4eec-8af8-8fd13e788f79	NA19006
sample	0816610c-dc40-4d46-8b30-487ab816f5ff	tutorial-synthetic_data_set_1	HG00598_sample	HG00598_sample	0ab3088d-de17-47da-b410-373c55753f1d	HG00598
sample	081aa233-a2d8-4dc8-adaf-74623be152c3	tutorial-synthetic_data_set_1	HG02138_sample	HG02138_sample	a0ccf55c-f640-4a75-805e-d5392452a320	HG02138
sample	0829c1a1-7499-497c-9567-cb0ae49ff413	tutorial-synthetic_data_set_1	HG01461_sample	HG01461_sample	a19ec003-d553-4df1-8225-c39010d213df	HG01461
sample	08430fb3-8edf-49cd-84c0-7f2d6ef54589	tutorial-synthetic_data_set_1	HG00368_sample	HG00368_sample	76f60722-b4d4-4e5a-bb04-96b9c9774f65	HG00368
sample	086612ed-2e05-49c6-a134-4481709fc9c6	tutorial-synthetic_data_set_1	NA18950_sample	NA18950_sample	7f19b791-3e91-4648-a4f3-a706f6258bbc	NA18950
sample	086b1cd9-f1e1-4e0d-bb25-6e88b0d63513	tutorial-synthetic_data_set_1	HG03136_sample	HG03136_sample	39134c03-b7e9-4983-8edf-6b093583d271	HG03136
sample	08978810-2dc0-4c21-b3d9-d5977b711799	tutorial-synthetic_data_set_1	HG04222_sample	HG04222_sample	3f23b4ce-ec7b-4c2b-a40c-ab8af7bfefea	HG04222
sample	08b05d4b-9f90-4896-9457-3e997400c451	tutorial-synthetic_data_set_1	NA18631_sample	NA18631_sample	4aaa8442-c887-430c-a436-69edc720a8e9	NA18631
sample	08b3db13-d6d3-47ed-9443-fc4b43a569a0	tutorial-synthetic_data_set_1	HG01958_sample	HG01958_sample	786319cc-9366-45df-9d77-d7cff5a207dc	HG01958
sample	08bcc9e9-2772-4eb6-9965-955d13d8630a	tutorial-synthetic_data_set_1	NA19735_sample	NA19735_sample	7276267a-3518-41a4-bd25-10b2d3bec9d6	NA19735
sample	08ccc08f-4314-4656-bc61-9922a9ddadfd	tutorial-synthetic_data_set_1	HG02087_sample	HG02087_sample	f192d0fb-f23b-475e-ae31-e2dd5fe65391	HG02087
sample	08dea56a-22d5-461c-8425-a9141ae98865	tutorial-synthetic_data_set_1	HG00530_sample	HG00530_sample	c99e6582-6e31-46b4-88dc-a162e4d9407a	HG00530
sample	0904c00e-6506-4394-b076-c8ef85976230	tutorial-synthetic_data_set_1	NA19184_sample	NA19184_sample	274d6026-3ada-4284-92c0-3ae027c2022a	NA19184
sample	09527f34-fcaf-45e4-a54d-ed01784d432d	tutorial-synthetic_data_set_1	NA20532_sample	NA20532_sample	ca00c8ba-0b05-4ecd-acee-accb02cc6299	NA20532
sample	09528c4d-569d-4222-9882-ad58b9d97c5c	tutorial-synthetic_data_set_1	HG00584_sample	HG00584_sample	d82059e6-dfb2-4824-8a38-141d72fa6c07	HG00584
sample	096ae23f-c850-45b5-831e-2992abc2d255	tutorial-synthetic_data_set_1	NA19213_sample	NA19213_sample	2276c4ec-7303-4c23-aa9f-0c83d58a7278	NA19213
sample	096cb584-f34d-4469-ad96-996056f13734	tutorial-synthetic_data_set_1	HG01890_sample	HG01890_sample	d1932df6-3353-4d31-a5c5-70dea3d4cb4b	HG01890
sample	09a233ca-d827-4f43-98cb-c9b80325e1b9	tutorial-synthetic_data_set_1	HG04106_sample	HG04106_sample	73d40739-2c84-48ba-b625-c0fadf0530f1	HG04106
sample	09ac61fd-ca6f-42e0-b15f-b98890efdeba	tutorial-synthetic_data_set_1	HG03864_sample	HG03864_sample	f8749764-f553-4d18-9008-ed18f81391de	HG03864
sample	09bae9fd-ec1e-4e9f-a27b-9d34503de9e8	tutorial-synthetic_data_set_1	NA18942_sample	NA18942_sample	ce86e328-cfdf-4d30-b5db-6ab4dbf3e39e	NA18942
sample	09c2dde4-e655-4958-8ab1-8ff3b2a4bad9	tutorial-synthetic_data_set_1	HG02613_sample	HG02613_sample	1890cad8-30da-4f42-ab3b-41d3f1da13a3	HG02613
sample	09d022f3-2296-4985-81ee-7aa3d14b6110	tutorial-synthetic_data_set_1	HG02285_sample	HG02285_sample	c73e92c0-ba11-402b-a47c-0521393bbefd	HG02285
sample	09e65a44-6051-4fa6-8587-472fb84b464e	tutorial-synthetic_data_set_1	HG02811_sample	HG02811_sample	a38e57ef-1392-4b27-a00e-0c60a1f12a29	HG02811
sample	0a4de63b-47cc-4cda-ac6b-8502db99774b	tutorial-synthetic_data_set_1	HG01113_sample	HG01113_sample	7c9cd317-63ab-4553-a430-429282bde073	HG01113
sample	0a57ee61-b0b0-4ecc-9806-209a19e7756c	tutorial-synthetic_data_set_1	HG00131_sample	HG00131_sample	0be9422c-a01e-4d2d-b90b-3c1178be1336	HG00131
sample	0a68de12-4ef0-46a3-b309-1ebad9c5401a	tutorial-synthetic_data_set_1	HG01054_sample	HG01054_sample	b26bfcbd-8a7b-45ba-98b6-afdc03de80e8	HG01054
sample	0a9a5513-4425-451b-af9a-8554f6eafd39	tutorial-synthetic_data_set_1	HG02136_sample	HG02136_sample	d4e7dce0-a77a-4a56-a309-979b381a5593	HG02136
sample	0aad32fc-50fb-43bd-aa15-24860fac3e3e	tutorial-synthetic_data_set_1	HG04211_sample	HG04211_sample	5c1340ed-a2aa-4f3e-bfc1-69b42af44e84	HG04211
sample	0ad23454-1e8b-4bd3-ac9d-6df3377f9ed5	tutorial-synthetic_data_set_1	NA12044_sample	NA12044_sample	5ef4200f-a656-440e-b094-46b5de3108fb	NA12044
sample	0aebb9f6-ac29-4085-ad23-33a50e3eda5b	tutorial-synthetic_data_set_1	NA06985_sample	NA06985_sample	0b420c2d-a8b1-49aa-a7a9-3f8dd06f8747	NA06985
sample	0af52b0f-915b-4594-a8d7-631bd731cf77	tutorial-synthetic_data_set_1	HG00288_sample	HG00288_sample	20d05b3a-00c2-4355-b1ea-f63549220ba7	HG00288
sample	0afb64dd-8e61-4909-aed6-af74eba7d1c7	tutorial-synthetic_data_set_1	HG02075_sample	HG02075_sample	c9da0f1f-076c-4cb6-a2b8-5417afab9c26	HG02075
sample	0b03a4e6-30f5-41f6-a3dd-1e8d92368678	tutorial-synthetic_data_set_1	NA18539_sample	NA18539_sample	179af481-7264-4f60-9d3e-65bc9534f057	NA18539
sample	0b3c1f9b-70b7-4fda-83d5-696f3a86d14b	tutorial-synthetic_data_set_1	HG01794_sample	HG01794_sample	aaa024f5-4414-4c88-9bf4-ba99c7da3613	HG01794
sample	0b5c448d-e7fa-41d6-b0d0-303c2ac43559	tutorial-synthetic_data_set_1	NA19084_sample	NA19084_sample	5c55baab-c26d-4787-a650-f7d696ca564e	NA19084
sample	0b71456a-fc74-43ec-b5e3-e32964e70cd7	tutorial-synthetic_data_set_1	HG03464_sample	HG03464_sample	e4c02dd4-f100-462f-ac2a-f00a2b5a2496	HG03464
sample	0b7ab5a6-893b-44c2-9294-93521291eb34	tutorial-synthetic_data_set_1	NA20818_sample	NA20818_sample	16a79abc-c395-470d-aaeb-9f107748d646	NA20818
sample	0bc08b2e-101e-4d3a-ac85-de972945624b	tutorial-synthetic_data_set_1	NA12749_sample	NA12749_sample	b5f4e4f4-7557-4bbc-8cc3-deae884b0694	NA12749
sample	0bd28622-18bf-4d07-a87d-731585540506	tutorial-synthetic_data_set_1	HG02589_sample	HG02589_sample	b3de81bd-28e1-4027-88d2-af4748b765af	HG02589
sample	0bfd44da-7d71-448e-ac9b-5133a3a3f464	tutorial-synthetic_data_set_1	HG02058_sample	HG02058_sample	07e31595-7f8c-490f-8722-0a50bb1fe06f	HG02058
sample	0c0d6118-27d2-47e9-9fd1-466cbce06fd5	tutorial-synthetic_data_set_1	NA18945_sample	NA18945_sample	fa9ed7d5-354b-48bd-9894-5c9b6f42c3ab	NA18945
sample	0c66fb60-f5e5-444d-aed6-c868a219c753	tutorial-synthetic_data_set_1	HG01815_sample	HG01815_sample	9597ff9f-9314-47ec-b491-5520fe6f0bf2	HG01815
sample	0c689836-164f-4696-804c-2fe5fb86a355	tutorial-synthetic_data_set_1	NA19002_sample	NA19002_sample	d89dfc2b-6178-4129-b9a9-55280e497d22	NA19002
sample	0c68a829-1213-4b37-bacb-7395bd45cbbe	tutorial-synthetic_data_set_1	HG02047_sample	HG02047_sample	1cfda9e6-62b6-40a4-9daa-4bd64c9a6175	HG02047
sample	0c917845-f8cd-4b1e-860d-cff1eef1b7f2	tutorial-synthetic_data_set_1	HG00379_sample	HG00379_sample	0b2e798d-542d-4d80-8d07-9b751ee67dd8	HG00379
sample	0ccae505-54de-4417-9c89-94239ef93c12	tutorial-synthetic_data_set_1	HG01672_sample	HG01672_sample	3c6d0f19-d37f-478e-94bc-39459ef9fe54	HG01672
sample	0ccef0ce-aa1c-41d9-915c-57c4ace21fca	tutorial-synthetic_data_set_1	HG00406_sample	HG00406_sample	6ca2c3f0-e4e3-424b-8837-b38e0a2a458a	HG00406
sample	0cd2cb94-c30a-479a-89ac-bbba2b9eae24	tutorial-synthetic_data_set_1	NA19318_sample	NA19318_sample	5d49c96d-f305-4159-aa03-5c5d84c1f737	NA19318
sample	0cd5b36f-688d-4b15-9686-41ac30337a98	tutorial-synthetic_data_set_1	NA18992_sample	NA18992_sample	933f5942-2f8f-43be-a234-73a79e0b66e0	NA18992
sample	0cffc494-76c4-40b5-978e-32b436a28e97	tutorial-synthetic_data_set_1	HG01799_sample	HG01799_sample	bb446b6e-e822-4ebb-b5b6-0622d45fd7b7	HG01799
sample	0d15cb81-117e-4bf5-9d81-8aa034c18409	tutorial-synthetic_data_set_1	NA19701_sample	NA19701_sample	3721b409-4fac-4b84-94e0-fafc661c8777	NA19701
sample	0d247317-870b-4d73-a38f-88395b688208	tutorial-synthetic_data_set_1	NA20538_sample	NA20538_sample	c94bb749-1d0f-4047-8170-e1c15efcd239	NA20538
sample	0d27bba9-f637-4d7c-9e3f-86a452739497	tutorial-synthetic_data_set_1	HG03461_sample	HG03461_sample	f02b60d8-6a3e-424c-aca1-ec25888fe9a7	HG03461
sample	0d443dbc-2f2d-4866-bd92-dcc225d67a6a	tutorial-synthetic_data_set_1	HG00103_sample	HG00103_sample	567b32b6-c779-4485-9c94-4da869c1225f	HG00103
sample	0d9553ca-cb5c-4940-9546-b3f5ecc0c662	tutorial-synthetic_data_set_1	HG02798_sample	HG02798_sample	a5e4b89f-585f-4173-a9b3-0280c3f571ab	HG02798
sample	0d98865b-5f40-4e62-87ca-da9e15440be3	tutorial-synthetic_data_set_1	HG00404_sample	HG00404_sample	faa6a0a6-6eec-4210-8065-ce6972c31c6a	HG00404
sample	0dc8e823-72f0-4098-b9cb-232dbf9ad72d	tutorial-synthetic_data_set_1	HG00634_sample	HG00634_sample	99443e1c-cced-48a7-94cc-98351863348b	HG00634
sample	0dce7145-2e8e-4592-81f3-59a3f94458cf	tutorial-synthetic_data_set_1	NA20827_sample	NA20827_sample	1d5eac71-580e-4bfc-9e30-f5c5b65217e5	NA20827
sample	0def633f-25e1-471d-8e1b-12af15eec2dd	tutorial-synthetic_data_set_1	HG02839_sample	HG02839_sample	e652106f-53b2-4bcf-97ca-624421e0ba32	HG02839
sample	0dfebd86-f18b-4f3a-b9d7-315a32bda5e5	tutorial-synthetic_data_set_1	HG04076_sample	HG04076_sample	ea772cf8-794d-4ba0-b12f-884b13118e86	HG04076
sample	0e2283f8-7366-4506-b71b-03420cd18fa7	tutorial-synthetic_data_set_1	HG03884_sample	HG03884_sample	7d633e58-a1c4-48fe-9e50-2e2a12a78eb1	HG03884
sample	0e456428-1824-4d02-b9b0-8a9af78aa5fe	tutorial-synthetic_data_set_1	HG03882_sample	HG03882_sample	10b34a81-497f-44ec-9236-86744dc3efc1	HG03882
sample	0e6777fa-17ca-43ff-a0e5-a50441c8dea9	tutorial-synthetic_data_set_1	HG04216_sample	HG04216_sample	98b6a0bf-5753-4800-a367-a7546cd027a2	HG04216
sample	0e6ed32b-3bc2-43f2-b1f1-1b01d1e8d2e7	tutorial-synthetic_data_set_1	HG03369_sample	HG03369_sample	121d77a0-fc55-468c-ade9-9c1687db0073	HG03369
sample	0e74e573-8b0e-4e64-baf4-ab0839f7c4e0	tutorial-synthetic_data_set_1	HG02107_sample	HG02107_sample	1ee1a66f-2900-473d-b805-db7a3a6090b8	HG02107
sample	0eac9f70-e675-40d1-9ff4-576a4ca3404b	tutorial-synthetic_data_set_1	HG03616_sample	HG03616_sample	be106e56-1d76-4fbb-a1f9-30a80de2bd7d	HG03616
sample	0ecb10e5-598a-4e3e-bb42-a0dc141baa65	tutorial-synthetic_data_set_1	HG00266_sample	HG00266_sample	3d9e107a-de69-423a-8042-7f73f4bb2265	HG00266
sample	0eccb0af-84d2-42d3-9dd3-6c7e08a46ec5	tutorial-synthetic_data_set_1	NA19190_sample	NA19190_sample	25af3363-6006-4c60-8770-5e6b77efea0e	NA19190
sample	0edfc03a-2146-411b-849d-d2791aa5ad7f	tutorial-synthetic_data_set_1	HG00557_sample	HG00557_sample	1f6f015c-29e8-4f43-b922-6b8b5ec28e47	HG00557
sample	0ee1b733-2a4f-493a-96cb-e94fd3eef4a1	tutorial-synthetic_data_set_1	HG03189_sample	HG03189_sample	915a5e89-3fdc-49e7-be2d-70a653958146	HG03189
sample	0efa3108-7855-45c2-baff-8fae81b4d797	tutorial-synthetic_data_set_1	NA19307_sample	NA19307_sample	45f480ae-5345-4df4-b49c-948416fe5ea0	NA19307
sample	0efb0d83-feed-4c17-a5e8-01a0beb8bffc	tutorial-synthetic_data_set_1	HG01915_sample	HG01915_sample	24305752-1cea-4af6-8dfb-1a6e0dbbb502	HG01915
sample	0f07b2b8-c59d-4f5a-a4c8-b80dd8692158	tutorial-synthetic_data_set_1	NA21100_sample	NA21100_sample	04758971-8dfd-413e-9593-198ca523a93f	NA21100
sample	0f253ba6-f47b-4435-b1b7-ef01208b3bee	tutorial-synthetic_data_set_1	HG03410_sample	HG03410_sample	2c83dd97-3973-4a15-bb80-3db1cfc80c52	HG03410
sample	0f62a87d-7cb8-457a-8075-47e244433dd3	tutorial-synthetic_data_set_1	HG03624_sample	HG03624_sample	88342a85-d524-4bd5-a637-87984ddfb945	HG03624
sample	0f6e0fb8-2bc0-4a29-99d8-2d24be0c6898	tutorial-synthetic_data_set_1	HG03869_sample	HG03869_sample	74bde8e3-1a92-4d53-87f8-ace20d4715a6	HG03869
sample	0f72fa60-cedb-45d5-b2a9-910b51096d69	tutorial-synthetic_data_set_1	HG02188_sample	HG02188_sample	e2b2f071-7969-4a75-8772-d7a423ee27a4	HG02188
sample	0f764bab-4444-4799-80f3-4b0bfb2fd222	tutorial-synthetic_data_set_1	NA19137_sample	NA19137_sample	55589809-5304-4da1-88a8-c61001d9e967	NA19137
sample	0f93204d-3acd-4670-be96-d0f36074d099	tutorial-synthetic_data_set_1	NA19057_sample	NA19057_sample	8e15f73a-d40c-402a-82f7-86622a559583	NA19057
sample	0fd2217c-f7da-4380-b51b-cfcae543cec1	tutorial-synthetic_data_set_1	NA19098_sample	NA19098_sample	1b13a302-45dd-4a56-9604-cb5ccee55f04	NA19098
sample	1043c2be-ae60-434d-a560-0d8932c99caa	tutorial-synthetic_data_set_1	HG00105_sample	HG00105_sample	b9c08676-d7a9-4346-a2ea-4da621fa8329	HG00105
sample	104fc379-732a-4e5a-ab1a-83f6a97f12f7	tutorial-synthetic_data_set_1	HG03139_sample	HG03139_sample	e1c50183-21f6-439e-a10e-3bcbf80f1704	HG03139
sample	10b37c4c-75dd-4180-9405-c4ff7a76d253	tutorial-synthetic_data_set_1	HG02634_sample	HG02634_sample	79e8dbae-a041-4ea7-93f6-0518d6c4258f	HG02634
sample	10c07678-ee23-43b3-ace2-14c6a530698d	tutorial-synthetic_data_set_1	HG00150_sample	HG00150_sample	7be3febd-98af-4ca5-895e-0e70cac9a12b	HG00150
sample	10c6cbfe-c956-41f2-ab7d-37055646e61f	tutorial-synthetic_data_set_1	HG01805_sample	HG01805_sample	800ee1fb-a79a-4477-b830-418c83d6cb8b	HG01805
sample	10e50780-3309-4e00-9360-a6892d5ecbd7	tutorial-synthetic_data_set_1	NA20588_sample	NA20588_sample	7b3b8d27-e607-4e42-8710-63a7c4bf4ea7	NA20588
sample	11090f70-298e-4618-b51b-331dd684bc70	tutorial-synthetic_data_set_1	HG00271_sample	HG00271_sample	c9b20a5c-322d-4252-95be-83f26f1f4503	HG00271
sample	1110e0fb-52b5-45e2-a22d-be0a4be36f70	tutorial-synthetic_data_set_1	HG04229_sample	HG04229_sample	988a69b6-6173-4f5d-9801-560601802738	HG04229
sample	1137f59b-170d-47c9-8321-f23114da5dbd	tutorial-synthetic_data_set_1	HG03805_sample	HG03805_sample	dec3c641-05f4-45f8-8a3a-bce1c4c18a1e	HG03805
sample	1148203d-e98e-4394-8625-74d8eb46be58	tutorial-synthetic_data_set_1	NA19446_sample	NA19446_sample	c5606375-f9f3-4035-974f-882e3865654d	NA19446
sample	116647ba-203e-478e-a94f-a2c0cb2e9041	tutorial-synthetic_data_set_1	NA20872_sample	NA20872_sample	65870f50-ad7b-4ce8-91f5-53647ed3ec5c	NA20872
sample	1181ed11-12af-498e-a466-fb95b271f692	tutorial-synthetic_data_set_1	HG03352_sample	HG03352_sample	ecb46cdf-f6d8-49ff-ae74-5861526496df	HG03352
sample	11a9a193-d85f-4ea6-8d28-dfa127b34a51	tutorial-synthetic_data_set_1	NA18545_sample	NA18545_sample	d1ff992c-dafb-4294-9bc6-bc9ad06c470e	NA18545
sample	11aa4f0f-d88d-43cb-b17d-10e6b6b0bf37	tutorial-synthetic_data_set_1	HG03388_sample	HG03388_sample	815aa717-1105-44e7-9797-e987dfaf0166	HG03388
sample	124f6a32-49de-4ee4-bbfc-d7cc7a63ed1c	tutorial-synthetic_data_set_1	HG01771_sample	HG01771_sample	539b2c27-093f-43f4-accf-994e85620de6	HG01771
sample	126bb3ec-bf28-437c-923a-30f70e1472a5	tutorial-synthetic_data_set_1	HG03731_sample	HG03731_sample	f1ea96a3-d9e4-461e-81a3-a414e5876260	HG03731
sample	128dcd05-d9c6-489b-9add-b645bf31e8f8	tutorial-synthetic_data_set_1	HG03247_sample	HG03247_sample	1758d5fd-aff7-46ef-a36f-1d8e7afe58ff	HG03247
sample	12be0485-c7a5-409f-b350-69c462f1dca5	tutorial-synthetic_data_set_1	HG04002_sample	HG04002_sample	026d849b-b7c6-437f-ab10-70e9b5dec84e	HG04002
sample	12d20208-2497-4a1a-852a-c051891557bd	tutorial-synthetic_data_set_1	HG03095_sample	HG03095_sample	fe9971fb-f6f4-448e-b6df-017a864d6780	HG03095
sample	12ee8552-3009-4769-9aea-8d58abc09902	tutorial-synthetic_data_set_1	NA20356_sample	NA20356_sample	3f03a031-33cc-4591-aa32-298c65ba5175	NA20356
sample	1303bc17-ce72-4bd8-9d81-09232b29c810	tutorial-synthetic_data_set_1	HG03380_sample	HG03380_sample	6226c328-ffc5-41ea-9a43-d098e939ec4d	HG03380
sample	130d4f65-4b2d-4249-86fb-f7c299cbb7f8	tutorial-synthetic_data_set_1	HG01811_sample	HG01811_sample	503c5883-8856-42c7-a0fc-a813ae638c14	HG01811
sample	1319c0c4-1b32-401d-bb86-65db441398f7	tutorial-synthetic_data_set_1	HG01893_sample	HG01893_sample	dd4fdbf4-fecc-4dfd-a0c5-e3cf8f938778	HG01893
sample	1328aa90-f8eb-4fa4-870f-f788aa2ecf85	tutorial-synthetic_data_set_1	NA18916_sample	NA18916_sample	7e911a8d-3be9-44cf-8c2d-c079344cfd09	NA18916
sample	1345ba55-4897-487a-a964-5ab2e3f77a50	tutorial-synthetic_data_set_1	NA19467_sample	NA19467_sample	e6569d11-3fa4-4f24-b69a-7df9be7c17ca	NA19467
sample	134cf334-a653-41d4-9f59-6cf2dc7137d7	tutorial-synthetic_data_set_1	HG01173_sample	HG01173_sample	c059c022-3320-4793-8288-4b016ed607e1	HG01173
sample	13732d1a-8f20-4d4c-96b5-8cbf2ae76518	tutorial-synthetic_data_set_1	NA19113_sample	NA19113_sample	acf07a7a-4537-46ad-b11d-cff8e759b02b	NA19113
sample	1397b692-995c-45ec-a562-6f5a65ca6772	tutorial-synthetic_data_set_1	HG02554_sample	HG02554_sample	b0b1e336-09c9-469e-b0dc-b9c65fbb261e	HG02554
sample	139b4c6d-2010-4515-9b0f-1c4f2273eb12	tutorial-synthetic_data_set_1	HG01303_sample	HG01303_sample	5d5791b7-0242-4654-989f-23c021269d18	HG01303
sample	13a66d85-65b6-4dbf-b4b5-f6d0add05974	tutorial-synthetic_data_set_1	NA20845_sample	NA20845_sample	646c1c87-f717-46c0-83cd-04c1d2854d35	NA20845
sample	1409a51f-234f-4b9d-8f27-dd9760369f6e	tutorial-synthetic_data_set_1	NA20506_sample	NA20506_sample	ce62670e-1182-486c-a9d3-be7f72c09f9d	NA20506
sample	14124e92-7d1d-4762-8a73-784f86fada14	tutorial-synthetic_data_set_1	HG03123_sample	HG03123_sample	fedb5438-d78d-4dd9-be9f-2b50dbde1ba3	HG03123
sample	14178b7c-5e05-4936-8f09-9ff5aa2d1292	tutorial-synthetic_data_set_1	HG03968_sample	HG03968_sample	95d33d6b-1de9-4689-a9ef-d3fa37cec28a	HG03968
sample	14211059-f4b5-4f1d-9370-78c2f4f6b3b4	tutorial-synthetic_data_set_1	NA21126_sample	NA21126_sample	8c244313-9616-4b76-9a91-876a5b607bf4	NA21126
sample	14236fea-6dc7-47fb-8ee6-bac7567424ac	tutorial-synthetic_data_set_1	NA19331_sample	NA19331_sample	12df9956-7d36-4098-9ae0-a79368d75660	NA19331
sample	1445e824-aaf0-448c-bc33-14628e77e8d8	tutorial-synthetic_data_set_1	HG00593_sample	HG00593_sample	0e28e42a-4e78-4643-a435-4c539963c759	HG00593
sample	14866e86-052d-4e14-9395-05693e91c9ce	tutorial-synthetic_data_set_1	NA20901_sample	NA20901_sample	9ec38a82-64c2-4610-aab6-ac874fbfb774	NA20901
sample	14df229f-7bda-4708-84b7-76bead92e5af	tutorial-synthetic_data_set_1	HG00253_sample	HG00253_sample	ebf0f095-a629-499b-acc0-b35b5203640f	HG00253
sample	14e1e222-a624-4675-beda-4a098e5f3fec	tutorial-synthetic_data_set_1	NA19077_sample	NA19077_sample	477cfc50-54fc-4aef-b2a5-f30466b28c7b	NA19077
sample	14ec0a48-9f77-4f77-881e-12d37f277577	tutorial-synthetic_data_set_1	NA20543_sample	NA20543_sample	4bb74cde-0dfb-4045-9ab6-3ef11f81def7	NA20543
sample	1509bb24-c68f-4386-8ad3-e1a1f2d18a0f	tutorial-synthetic_data_set_1	HG01973_sample	HG01973_sample	9ae4bdae-9b2c-417b-84c0-c0975f61ed32	HG01973
sample	15163413-baa3-4b86-866f-282af69b6a07	tutorial-synthetic_data_set_1	HG03198_sample	HG03198_sample	2124125d-be6f-48e8-b159-039ed5444629	HG03198
sample	15231234-166a-4ebe-be6e-4a220bafb499	tutorial-synthetic_data_set_1	NA18559_sample	NA18559_sample	bd909863-db26-481d-a408-a27c9249b171	NA18559
sample	152e18dc-3605-4815-bc8a-43f6f4a5cb6b	tutorial-synthetic_data_set_1	HG03565_sample	HG03565_sample	95d9d9e1-10dd-4c16-9f28-7857e8606bb3	HG03565
sample	1535d3ce-14bc-496d-a96c-ef411712466d	tutorial-synthetic_data_set_1	HG00174_sample	HG00174_sample	04019214-5398-42e3-995d-fa858587ddda	HG00174
sample	1544a0a7-890f-476d-81ce-336214ea1af9	tutorial-synthetic_data_set_1	HG02253_sample	HG02253_sample	344dd2c8-cc57-440e-9e75-169fccab618e	HG02253
sample	1562463d-bf18-44f1-9ca3-177efba9d692	tutorial-synthetic_data_set_1	NA19669_sample	NA19669_sample	00207d77-7a60-4972-a864-1b1c57020150	NA19669
sample	15ade41e-afb5-48e6-9534-7f35ed522c4a	tutorial-synthetic_data_set_1	HG03099_sample	HG03099_sample	3433611b-51c0-4230-b476-7626d785d331	HG03099
sample	15f574c8-700e-45a7-82f7-687f8f2edb86	tutorial-synthetic_data_set_1	NA19001_sample	NA19001_sample	d62781fc-9a56-4956-81d0-580d012df29e	NA19001
sample	162a62d5-3d21-4c59-bceb-8a15d70a6dd2	tutorial-synthetic_data_set_1	NA19454_sample	NA19454_sample	787fc672-8e3d-4f2b-b0f5-53ec921f1578	NA19454
sample	16694dc3-040f-44fb-aa49-67258a663ace	tutorial-synthetic_data_set_1	NA19327_sample	NA19327_sample	8f1334b7-5173-4073-8d9c-61f78573f251	NA19327
sample	16988a28-7b59-4bc4-8f1c-89dadad5a556	tutorial-synthetic_data_set_1	NA20278_sample	NA20278_sample	ef579aab-ecc3-4d80-8fee-10911d0f5dd0	NA20278
sample	16a5690e-8607-413b-acf2-940d61260213	tutorial-synthetic_data_set_1	NA19028_sample	NA19028_sample	3705065a-a81a-4d5e-bbeb-cf79e71cffac	NA19028
sample	16ca24ce-d708-402d-9963-9308542cfb49	tutorial-synthetic_data_set_1	HG01393_sample	HG01393_sample	1f84bff9-f635-4853-a7ba-d669e1247352	HG01393
sample	16cf4760-2232-491d-8010-7dce183917e1	tutorial-synthetic_data_set_1	HG00590_sample	HG00590_sample	591e5423-0442-4b4a-b86a-e17d34255ab5	HG00590
sample	16d5e68e-1e56-47fa-8115-8b7f6ec09f96	tutorial-synthetic_data_set_1	HG00614_sample	HG00614_sample	fda9127b-ae69-4330-b49d-8aff5abb48e0	HG00614
sample	16d64737-38f5-4df9-ad9f-ea0daa36c50d	tutorial-synthetic_data_set_1	NA18609_sample	NA18609_sample	2701a568-26f3-42d5-b2b0-c3ddffe94413	NA18609
sample	17368609-a52a-4610-9d88-3799c5eec4d7	tutorial-synthetic_data_set_1	NA18954_sample	NA18954_sample	670a390d-34ab-4f97-8f5d-b0413568eab6	NA18954
sample	175a7c04-9729-4b20-978a-4ebfc4924bc7	tutorial-synthetic_data_set_1	NA20773_sample	NA20773_sample	6e221999-fc4c-43f0-85ef-bcc48c6cf64f	NA20773
sample	1799bedc-e5f5-4bc8-bfda-4d1914750ea2	tutorial-synthetic_data_set_1	NA21107_sample	NA21107_sample	22dd6c49-e6ae-4f96-94d4-4d50845e2267	NA21107
sample	179f9618-de1b-4994-8dd9-9ff68fe1d24c	tutorial-synthetic_data_set_1	HG01183_sample	HG01183_sample	36d8133a-1361-4df5-ad9e-6740a71b13b2	HG01183
sample	17f6b9df-8091-4d96-8bbd-c14cbef99d6b	tutorial-synthetic_data_set_1	HG03681_sample	HG03681_sample	4c58b996-df03-4073-bbe6-2fc90008ae23	HG03681
sample	17fcd85c-a32b-4865-988d-9281f60d89a0	tutorial-synthetic_data_set_1	HG00128_sample	HG00128_sample	29d5f8d1-016b-4066-8a32-f6520a1d198a	HG00128
sample	181e4fdd-ebfd-4762-a3a2-af0a94dcd58e	tutorial-synthetic_data_set_1	NA19317_sample	NA19317_sample	215f5ea8-e320-4511-a46f-4fbd9c3bfaac	NA19317
sample	182fab3a-bf80-4505-a777-dcbfc57503b1	tutorial-synthetic_data_set_1	HG01776_sample	HG01776_sample	d5270fa3-8a6b-4c24-b7bb-2aec024d6c4a	HG01776
sample	18341c01-31b9-4693-84eb-acd0e0506ad3	tutorial-synthetic_data_set_1	NA21111_sample	NA21111_sample	b0e66b61-72d7-4714-897b-11dae8d261a1	NA21111
sample	183d7aa1-5433-4585-bde5-63d894affd28	tutorial-synthetic_data_set_1	NA20882_sample	NA20882_sample	95691d7d-f10c-4cc5-b4d1-e67fed20b9e3	NA20882
sample	18651369-4a8d-44ab-9078-eb8896bd39fd	tutorial-synthetic_data_set_1	HG02620_sample	HG02620_sample	fed2bff8-19ad-4875-a139-19ae4386fc7e	HG02620
sample	188482d7-3c9a-4b96-a98e-63ebd16b619a	tutorial-synthetic_data_set_1	HG01356_sample	HG01356_sample	a6e737eb-724a-4071-b39d-34db93bc2ef4	HG01356
sample	188a7a91-fee5-4c50-9936-d524a1912249	tutorial-synthetic_data_set_1	HG01676_sample	HG01676_sample	f2d33bab-4e3f-43ca-ba68-8e85d669bdc8	HG01676
sample	18c245b5-45f7-4765-ba3f-7f5f0faaf220	tutorial-synthetic_data_set_1	NA12046_sample	NA12046_sample	5eabaa10-a838-47e9-bf5a-edfb15be09b8	NA12046
sample	18c9f850-fe95-4c49-85cf-388319a9d266	tutorial-synthetic_data_set_1	HG03469_sample	HG03469_sample	a7f60988-77e3-407c-87a8-24c789e05b20	HG03469
sample	18d79f0d-5fa1-40f4-8299-00772842493a	tutorial-synthetic_data_set_1	HG02512_sample	HG02512_sample	f6da987b-d878-49cd-8960-b9e4fce50f34	HG02512
sample	1916b9d5-c390-455a-9142-54cdc0ea50f3	tutorial-synthetic_data_set_1	HG03428_sample	HG03428_sample	a02c40ca-34eb-472d-981b-6ee8f2adfe70	HG03428
sample	19915ff3-4e13-415c-be82-a11d502679a5	tutorial-synthetic_data_set_1	HG01938_sample	HG01938_sample	0bc46664-2800-4963-8c16-b8b0a0ad94eb	HG01938
sample	19ac8255-c02c-4dad-8e8b-537d9d80b2e0	tutorial-synthetic_data_set_1	HG00531_sample	HG00531_sample	0d3ef5ad-cb39-4492-9e7f-9a8bca8b643b	HG00531
sample	19b2fa46-58ed-441f-9be9-5c609e4a92f3	tutorial-synthetic_data_set_1	NA19429_sample	NA19429_sample	f3cb80e9-1387-4c0b-ba3c-d76f07fdb370	NA19429
sample	19f90468-959e-4ee1-9d54-a788233f0115	tutorial-synthetic_data_set_1	HG00380_sample	HG00380_sample	e6ef442c-2e59-498a-9145-e20af638b4d0	HG00380
sample	19fa5336-43b9-4e21-a1f7-13debb4f64bd	tutorial-synthetic_data_set_1	HG02367_sample	HG02367_sample	76f8241e-9c95-4456-afa0-83b92e1232fb	HG02367
sample	19fdfff5-bdaf-42bf-ac48-b3e0778c9acd	tutorial-synthetic_data_set_1	HG02420_sample	HG02420_sample	52e06729-c0e3-4c83-9cab-c0936572c416	HG02420
sample	1a13b105-7e34-48cd-95ed-fcec7b159afd	tutorial-synthetic_data_set_1	NA19310_sample	NA19310_sample	75cb3d1c-39ce-4faf-a7d6-7f52c6a835bb	NA19310
sample	1a3308ff-da4c-4c32-ba09-b90ea92d7e55	tutorial-synthetic_data_set_1	HG03861_sample	HG03861_sample	a6c25afd-25bd-406d-8741-0d1709b62620	HG03861
sample	1a3ee640-2851-42b7-82e1-d95efaccadb2	tutorial-synthetic_data_set_1	HG01060_sample	HG01060_sample	6f8a294a-f08b-4216-9a19-5fabd15dca20	HG01060
sample	1a445a9b-b0af-43e5-b7ad-fb4356fd0bb8	tutorial-synthetic_data_set_1	HG03706_sample	HG03706_sample	0b8d1454-b2ed-431f-aeaa-35e96a9c6066	HG03706
sample	1a667e65-d9e9-46e1-8bb9-4fd63cc18c6d	tutorial-synthetic_data_set_1	HG03603_sample	HG03603_sample	86fbabe1-e2f4-4da2-bd88-b04424396203	HG03603
sample	1a930059-9c3d-4162-926a-7f52214553e9	tutorial-synthetic_data_set_1	NA21128_sample	NA21128_sample	5df89609-f05b-42e1-abad-3bbb2f72c8a1	NA21128
sample	1a976d39-75f4-4cc3-8ffa-725e9e269c39	tutorial-synthetic_data_set_1	NA20806_sample	NA20806_sample	c0850355-3bfb-44a0-bcff-0eb265da2ad7	NA20806
sample	1abb7812-7794-418b-87f0-d6482076bed4	tutorial-synthetic_data_set_1	HG00160_sample	HG00160_sample	b9fd49f6-f731-4fbd-8521-41bc2d343a61	HG00160
sample	1ac0ee14-9339-45b5-87fe-0a2beca23adc	tutorial-synthetic_data_set_1	HG01485_sample	HG01485_sample	2f8d2955-4454-44c2-a520-af4b5b6e1a86	HG01485
sample	1ad07909-2db4-463f-9d74-eb4e64e0d7b6	tutorial-synthetic_data_set_1	HG04062_sample	HG04062_sample	c3083d8f-ea52-4b83-a432-a06cb71b7a0f	HG04062
sample	1ae6ef27-13d3-41f3-870f-5448cbc02e37	tutorial-synthetic_data_set_1	HG03593_sample	HG03593_sample	277f46a0-25a4-4161-9f63-6cea81f023af	HG03593
sample	1aef5669-7d47-4e05-aa3b-d39aa84c9e9e	tutorial-synthetic_data_set_1	HG04017_sample	HG04017_sample	c1721ed6-2f35-4ae6-8668-224fd1048d4e	HG04017
sample	1af657de-1755-4a1d-b105-7fc019b21130	tutorial-synthetic_data_set_1	HG03642_sample	HG03642_sample	a7195d6f-2ade-444a-a252-60e4731788c5	HG03642
sample	1b1ccf21-a290-47b4-ae00-01574447a734	tutorial-synthetic_data_set_1	NA12778_sample	NA12778_sample	faaa67b5-daba-4528-832a-1a9cf4e16330	NA12778
sample	1b1ce5b6-320a-4a24-8c46-9b8b4dcb2ac4	tutorial-synthetic_data_set_1	HG02164_sample	HG02164_sample	1a395437-9f30-45d9-aed5-397af616d83e	HG02164
sample	1b20b5b7-5a32-440f-ac14-898e4989d63c	tutorial-synthetic_data_set_1	NA19037_sample	NA19037_sample	72803992-41aa-478f-9ed7-eac836040d9e	NA19037
