type	id	project_id	submitter_id	consent_codes	participant_id	studies.id	studies.submitter_id
subject	00207d77-7a60-4972-a864-1b1c57020150	tutorial-synthetic_data_set_1	NA19669	open	NA19669	6f8d9f00-1d0e-4225-a366-77390e9bf746	public
subject	00336aab-da01-46ec-b01e-4c7705addad5	tutorial-synthetic_data_set_1	HG02941	open	HG02941	6f8d9f00-1d0e-4225-a366-77390e9bf746	public
subject	003d8de7-facf-4ef3-b64c-cc2fa04e60d1	tutorial-synthetic_data_set_1	HG03814	open	HG03814	6f8d9f00-1d0e-4225-a366-77390e9bf746	public
subject	00507c85-588d-41d1-a76b-6cd02f061e2d	tutorial-synthetic_data_set_1	HG03857	open	HG03857	6f8d9f00-1d0e-4225-a366-77390e9bf746	public
subject	00590215-e0dc-41e2-89d6-7327983bc1b4	tutorial-synthetic_data_set_1	NA18923	open	NA18923	6f8d9f00-1d0e-4225-a366-77390e9bf746	public
subject	00697fc1-5276-4709-8e1d-5af6dc9698ca	tutorial-synthetic_data_set_1	NA19732	open	NA19732	6f8d9f00-1d0e-4225-a366-77390e9bf746	public
subject	00709e4d-88d5-4609-a536-ac30bb8dc1c0	tutorial-synthetic_data_set_1	NA19707	open	NA19707	6f8d9f00-1d0e-4225-a366-77390e9bf746	public
subject	00961b56-2519-4b65-9a49-7ebca3afd143	tutorial-synthetic_data_set_1	HG01809	open	HG01809	6f8d9f00-1d0e-4225-a366-77390e9bf746	public
subject	00a4d83b-bc54-499d-9487-1c6e702ad5cb	tutorial-synthetic_data_set_1	NA18639	open	NA18639	6f8d9f00-1d0e-4225-a366-77390e9bf746	public
subject	00a80237-33f9-4f60-b5fe-845464569b98	tutorial-synthetic_data_set_1	HG00346	open	HG00346	6f8d9f00-1d0e-4225-a366-77390e9bf746	public
subject	00ba8dc1-6d1b-4665-b08d-cf14b5fe26af	tutorial-synthetic_data_set_1	NA19078	open	NA19078	6f8d9f00-1d0e-4225-a366-77390e9bf746	public
subject	00c1b5ba-d289-454a-8590-8e317248a84a	tutorial-synthetic_data_set_1	HG03086	open	HG03086	6f8d9f00-1d0e-4225-a366-77390e9bf746	public
subject	013e8c32-194d-4dad-8c7f-80df0676537c	tutorial-synthetic_data_set_1	NA19762	open	NA19762	6f8d9f00-1d0e-4225-a366-77390e9bf746	public
subject	0172e17a-21dc-4a95-90c5-7828aad583b5	tutorial-synthetic_data_set_1	HG00185	open	HG00185	6f8d9f00-1d0e-4225-a366-77390e9bf746	public
subject	01aeb3d9-c514-49b8-a0ea-d3f589eba2e5	tutorial-synthetic_data_set_1	HG01951	open	HG01951	6f8d9f00-1d0e-4225-a366-77390e9bf746	public
subject	01b2555f-b297-4f0f-aa61-1e1f14b4406b	tutorial-synthetic_data_set_1	HG01968	open	HG01968	6f8d9f00-1d0e-4225-a366-77390e9bf746	public
subject	01c980db-c845-49bb-b920-363b4eb4abc2	tutorial-synthetic_data_set_1	HG03668	open	HG03668	6f8d9f00-1d0e-4225-a366-77390e9bf746	public
subject	01ddea3a-dbe3-457c-ad97-1fb48e8de489	tutorial-synthetic_data_set_1	HG03978	open	HG03978	6f8d9f00-1d0e-4225-a366-77390e9bf746	public
subject	01e280d6-a20e-450d-8bc3-822505c8a412	tutorial-synthetic_data_set_1	NA20362	open	NA20362	6f8d9f00-1d0e-4225-a366-77390e9bf746	public
subject	01fa1fee-04fb-40ca-a950-d6f93f842e4f	tutorial-synthetic_data_set_1	NA19054	open	NA19054	6f8d9f00-1d0e-4225-a366-77390e9bf746	public
subject	02061e1a-bcb1-4a6a-83c4-8d6c5653bf37	tutorial-synthetic_data_set_1	HG02220	open	HG02220	6f8d9f00-1d0e-4225-a366-77390e9bf746	public
subject	025ab0e4-b8e0-4d79-82d8-587d018ec7c9	tutorial-synthetic_data_set_1	NA20520	open	NA20520	6f8d9f00-1d0e-4225-a366-77390e9bf746	public
subject	025bb2bd-a15e-45eb-9a6f-efedfcd7c2b7	tutorial-synthetic_data_set_1	NA19130	open	NA19130	6f8d9f00-1d0e-4225-a366-77390e9bf746	public
subject	026d849b-b7c6-437f-ab10-70e9b5dec84e	tutorial-synthetic_data_set_1	HG04002	open	HG04002	6f8d9f00-1d0e-4225-a366-77390e9bf746	public
subject	027c084a-5c9e-4c5d-a08b-4a51b5501c8c	tutorial-synthetic_data_set_1	NA19321	open	NA19321	6f8d9f00-1d0e-4225-a366-77390e9bf746	public
subject	02887515-6d09-42d9-abf6-cc03da0d59a0	tutorial-synthetic_data_set_1	HG02402	open	HG02402	6f8d9f00-1d0e-4225-a366-77390e9bf746	public
subject	0288fc0d-8dd3-42df-985a-597aed057b6a	tutorial-synthetic_data_set_1	NA18555	open	NA18555	6f8d9f00-1d0e-4225-a366-77390e9bf746	public
subject	0295171c-d99a-4ddc-a1aa-6e347c380a09	tutorial-synthetic_data_set_1	NA19818	open	NA19818	6f8d9f00-1d0e-4225-a366-77390e9bf746	public
subject	02a13759-1546-404c-8fca-81dc94d768e8	tutorial-synthetic_data_set_1	HG00698	open	HG00698	6f8d9f00-1d0e-4225-a366-77390e9bf746	public
subject	02b1739b-5a3f-4ec5-9c24-835bcdf6033d	tutorial-synthetic_data_set_1	HG01531	open	HG01531	6f8d9f00-1d0e-4225-a366-77390e9bf746	public
subject	02c38dcc-cd65-4b28-9acb-0ee2a3fa62ec	tutorial-synthetic_data_set_1	NA20887	open	NA20887	6f8d9f00-1d0e-4225-a366-77390e9bf746	public
subject	02ed34bc-7be5-4ed4-9fac-6cf7f9691f0a	tutorial-synthetic_data_set_1	HG02409	open	HG02409	6f8d9f00-1d0e-4225-a366-77390e9bf746	public
subject	02f95b34-80b7-4192-b45b-b78bc3edc441	tutorial-synthetic_data_set_1	NA11894	open	NA11894	6f8d9f00-1d0e-4225-a366-77390e9bf746	public
subject	03033466-da2f-4a62-8689-3794d4583a23	tutorial-synthetic_data_set_1	NA20902	open	NA20902	6f8d9f00-1d0e-4225-a366-77390e9bf746	public
subject	0318649c-e7da-480b-8b11-8c4a47196be6	tutorial-synthetic_data_set_1	HG03366	open	HG03366	6f8d9f00-1d0e-4225-a366-77390e9bf746	public
subject	03342f66-9ad5-4d6d-b3c6-ded1cc01ad83	tutorial-synthetic_data_set_1	NA19119	open	NA19119	6f8d9f00-1d0e-4225-a366-77390e9bf746	public
subject	035503ff-5f72-4534-a012-f3fbcc22803a	tutorial-synthetic_data_set_1	HG01630	open	HG01630	6f8d9f00-1d0e-4225-a366-77390e9bf746	public
subject	036a07ab-0aa3-46cc-aaf0-52e21e114a6f	tutorial-synthetic_data_set_1	HG01798	open	HG01798	6f8d9f00-1d0e-4225-a366-77390e9bf746	public
subject	036ea87d-bb00-48e8-b114-a2e2ae1fed37	tutorial-synthetic_data_set_1	NA21112	open	NA21112	6f8d9f00-1d0e-4225-a366-77390e9bf746	public
subject	0389da86-3876-4141-b514-0727759238c4	tutorial-synthetic_data_set_1	HG03802	open	HG03802	6f8d9f00-1d0e-4225-a366-77390e9bf746	public
subject	03af2db0-8c36-4136-a5fc-4e5c26805b60	tutorial-synthetic_data_set_1	HG01669	open	HG01669	6f8d9f00-1d0e-4225-a366-77390e9bf746	public
subject	03c401b7-373c-4929-8cd3-5ee02ebb0b2f	tutorial-synthetic_data_set_1	HG03079	open	HG03079	6f8d9f00-1d0e-4225-a366-77390e9bf746	public
subject	03d8f4a0-774e-4feb-846e-a68b7c822c8c	tutorial-synthetic_data_set_1	NA11918	open	NA11918	6f8d9f00-1d0e-4225-a366-77390e9bf746	public
subject	03da8a2d-592d-44df-bba8-9ab21f4e5995	tutorial-synthetic_data_set_1	HG02262	open	HG02262	6f8d9f00-1d0e-4225-a366-77390e9bf746	public
subject	03e6adf7-dcf3-47b1-a09c-42dbe610e9ca	tutorial-synthetic_data_set_1	HG03019	open	HG03019	6f8d9f00-1d0e-4225-a366-77390e9bf746	public
subject	04019214-5398-42e3-995d-fa858587ddda	tutorial-synthetic_data_set_1	HG00174	open	HG00174	6f8d9f00-1d0e-4225-a366-77390e9bf746	public
subject	040afe2d-9db2-436e-8a21-7cda56b3994b	tutorial-synthetic_data_set_1	HG02142	open	HG02142	6f8d9f00-1d0e-4225-a366-77390e9bf746	public
subject	042918ff-69ea-4b0f-8ddc-39a22f841753	tutorial-synthetic_data_set_1	HG03757	open	HG03757	6f8d9f00-1d0e-4225-a366-77390e9bf746	public
subject	0454715c-3a6a-44d4-b71e-06fcf70d3e35	tutorial-synthetic_data_set_1	NA19913	open	NA19913	6f8d9f00-1d0e-4225-a366-77390e9bf746	public
subject	046d6a0c-412d-4ec7-87ca-e80190db4490	tutorial-synthetic_data_set_1	HG00237	open	HG00237	6f8d9f00-1d0e-4225-a366-77390e9bf746	public
subject	04758971-8dfd-413e-9593-198ca523a93f	tutorial-synthetic_data_set_1	NA21100	open	NA21100	6f8d9f00-1d0e-4225-a366-77390e9bf746	public
subject	048e78c1-a184-4246-a9dc-41488c123541	tutorial-synthetic_data_set_1	HG02522	open	HG02522	6f8d9f00-1d0e-4225-a366-77390e9bf746	public
subject	049393b9-4bca-4f51-a371-6e094b6d11c6	tutorial-synthetic_data_set_1	HG04060	open	HG04060	6f8d9f00-1d0e-4225-a366-77390e9bf746	public
subject	04c312ef-bed1-4721-9442-df0432f7473f	tutorial-synthetic_data_set_1	NA19011	open	NA19011	6f8d9f00-1d0e-4225-a366-77390e9bf746	public
subject	0582a85b-fc26-48e0-9589-253349de1511	tutorial-synthetic_data_set_1	HG02471	open	HG02471	6f8d9f00-1d0e-4225-a366-77390e9bf746	public
subject	05aa0d90-45ed-4341-a637-9d69b0f9d5ef	tutorial-synthetic_data_set_1	NA18879	open	NA18879	6f8d9f00-1d0e-4225-a366-77390e9bf746	public
subject	05b64939-f42c-4784-ac89-9be054bee955	tutorial-synthetic_data_set_1	NA19117	open	NA19117	6f8d9f00-1d0e-4225-a366-77390e9bf746	public
subject	05ba020a-8ba9-4fdb-87d4-76d6c950db4a	tutorial-synthetic_data_set_1	NA20905	open	NA20905	6f8d9f00-1d0e-4225-a366-77390e9bf746	public
subject	05c86abb-e392-40e0-a7d0-57157b0ddbf1	tutorial-synthetic_data_set_1	HG01858	open	HG01858	6f8d9f00-1d0e-4225-a366-77390e9bf746	public
subject	05caa6d5-bf38-4614-ac5e-3bad1b71f250	tutorial-synthetic_data_set_1	NA06984	open	NA06984	6f8d9f00-1d0e-4225-a366-77390e9bf746	public
subject	05d7b1ee-9868-4ace-bd89-83ba05911a7e	tutorial-synthetic_data_set_1	HG01459	open	HG01459	6f8d9f00-1d0e-4225-a366-77390e9bf746	public
subject	05e0225a-5daf-46fe-a9fc-d6e026414d06	tutorial-synthetic_data_set_1	NA18963	open	NA18963	6f8d9f00-1d0e-4225-a366-77390e9bf746	public
subject	06019c4b-8903-46a7-894e-1c9aa8b4e915	tutorial-synthetic_data_set_1	NA12342	open	NA12342	6f8d9f00-1d0e-4225-a366-77390e9bf746	public
subject	06395b60-62bd-4ba8-aba2-194adee692ec	tutorial-synthetic_data_set_1	HG02439	open	HG02439	6f8d9f00-1d0e-4225-a366-77390e9bf746	public
subject	06685531-a656-4d91-acf7-bb77a8d96ebd	tutorial-synthetic_data_set_1	HG01870	open	HG01870	6f8d9f00-1d0e-4225-a366-77390e9bf746	public
subject	066e5b5f-bafa-4b2a-8d63-fe255f38614a	tutorial-synthetic_data_set_1	NA21133	open	NA21133	6f8d9f00-1d0e-4225-a366-77390e9bf746	public
subject	066eaa64-b9fe-4fcb-b675-bd9232796bb0	tutorial-synthetic_data_set_1	NA20809	open	NA20809	6f8d9f00-1d0e-4225-a366-77390e9bf746	public
subject	06779d23-71a0-4369-8d00-66ae8dae876b	tutorial-synthetic_data_set_1	HG02013	open	HG02013	6f8d9f00-1d0e-4225-a366-77390e9bf746	public
subject	068afabe-dcca-4a70-b339-cbfd4b397edc	tutorial-synthetic_data_set_1	HG01444	open	HG01444	6f8d9f00-1d0e-4225-a366-77390e9bf746	public
subject	069bb06e-1e8e-4368-9f0e-0bab1315ca46	tutorial-synthetic_data_set_1	NA12340	open	NA12340	6f8d9f00-1d0e-4225-a366-77390e9bf746	public
subject	06d6229f-544f-4259-a37d-594e6d12e646	tutorial-synthetic_data_set_1	HG02890	open	HG02890	6f8d9f00-1d0e-4225-a366-77390e9bf746	public
subject	06f28733-8acf-4667-adeb-462d3426b919	tutorial-synthetic_data_set_1	NA20509	open	NA20509	6f8d9f00-1d0e-4225-a366-77390e9bf746	public
subject	07358f70-61c0-4dc2-b74a-b33c9c49f34a	tutorial-synthetic_data_set_1	HG01383	open	HG01383	6f8d9f00-1d0e-4225-a366-77390e9bf746	public
subject	075b5cf3-5f5b-40fc-882d-b8b843277c25	tutorial-synthetic_data_set_1	HG01395	open	HG01395	6f8d9f00-1d0e-4225-a366-77390e9bf746	public
subject	07828198-cef5-41dc-a215-7eb26a7b5a85	tutorial-synthetic_data_set_1	HG03446	open	HG03446	6f8d9f00-1d0e-4225-a366-77390e9bf746	public
subject	079ea10a-3b91-4ada-a8a0-5a2a2a555792	tutorial-synthetic_data_set_1	HG03803	open	HG03803	6f8d9f00-1d0e-4225-a366-77390e9bf746	public
subject	07b14e87-0f3a-441d-b0e3-acb7f083931f	tutorial-synthetic_data_set_1	NA18593	open	NA18593	6f8d9f00-1d0e-4225-a366-77390e9bf746	public
subject	07c85ef5-562c-4c2f-8b54-b09f24cbaaa4	tutorial-synthetic_data_set_1	NA20812	open	NA20812	6f8d9f00-1d0e-4225-a366-77390e9bf746	public
subject	07d3f419-c1e2-4610-813c-10c52164e09e	tutorial-synthetic_data_set_1	HG01149	open	HG01149	6f8d9f00-1d0e-4225-a366-77390e9bf746	public
subject	07dd7975-a26a-4693-881a-18109fdb0fb2	tutorial-synthetic_data_set_1	HG02666	open	HG02666	6f8d9f00-1d0e-4225-a366-77390e9bf746	public
subject	07e31595-7f8c-490f-8722-0a50bb1fe06f	tutorial-synthetic_data_set_1	HG02058	open	HG02058	6f8d9f00-1d0e-4225-a366-77390e9bf746	public
subject	07e57d19-969c-4203-81b6-1e02fef9c392	tutorial-synthetic_data_set_1	HG03458	open	HG03458	6f8d9f00-1d0e-4225-a366-77390e9bf746	public
subject	07ff0bb2-cda1-4829-b73a-7216c3ed74d4	tutorial-synthetic_data_set_1	HG01079	open	HG01079	6f8d9f00-1d0e-4225-a366-77390e9bf746	public
subject	0804777e-0bf2-44d7-bf9d-1075d17bea8c	tutorial-synthetic_data_set_1	NA20756	open	NA20756	6f8d9f00-1d0e-4225-a366-77390e9bf746	public
subject	0805ea8e-b77f-4e9b-8530-ffb08d8a404e	tutorial-synthetic_data_set_1	HG01914	open	HG01914	6f8d9f00-1d0e-4225-a366-77390e9bf746	public
subject	081d2d6c-da4b-41bf-898f-6ba050a4dde4	tutorial-synthetic_data_set_1	NA18912	open	NA18912	6f8d9f00-1d0e-4225-a366-77390e9bf746	public
subject	08541f3d-14f8-4c70-b821-d8393cd1da22	tutorial-synthetic_data_set_1	HG01323	open	HG01323	6f8d9f00-1d0e-4225-a366-77390e9bf746	public
subject	08688d93-f64d-4872-afad-d666e0755078	tutorial-synthetic_data_set_1	HG03679	open	HG03679	6f8d9f00-1d0e-4225-a366-77390e9bf746	public
subject	087fb10b-7001-42fc-9dfc-da2278f39fa6	tutorial-synthetic_data_set_1	HG00610	open	HG00610	6f8d9f00-1d0e-4225-a366-77390e9bf746	public
subject	0882cd95-4b35-4cd3-be99-d037f9c07b67	tutorial-synthetic_data_set_1	NA19090	open	NA19090	6f8d9f00-1d0e-4225-a366-77390e9bf746	public
subject	0892102a-d026-41cf-8259-a80f86652f15	tutorial-synthetic_data_set_1	NA19066	open	NA19066	6f8d9f00-1d0e-4225-a366-77390e9bf746	public
subject	08a6a2c9-9ccf-4b70-b530-63e1d67ae9a4	tutorial-synthetic_data_set_1	HG01286	open	HG01286	6f8d9f00-1d0e-4225-a366-77390e9bf746	public
subject	08b12718-f088-4c8f-ad73-c3d4e1297b72	tutorial-synthetic_data_set_1	HG02820	open	HG02820	6f8d9f00-1d0e-4225-a366-77390e9bf746	public
subject	08c1f84d-b7a8-4cda-af23-0f43e2c46337	tutorial-synthetic_data_set_1	NA18976	open	NA18976	6f8d9f00-1d0e-4225-a366-77390e9bf746	public
subject	08e9c8d0-7a4f-4a08-8d6e-ed10ca3080c0	tutorial-synthetic_data_set_1	HG03452	open	HG03452	6f8d9f00-1d0e-4225-a366-77390e9bf746	public
subject	08f0229e-ceb9-499c-9d4d-538235201ac5	tutorial-synthetic_data_set_1	HG03887	open	HG03887	6f8d9f00-1d0e-4225-a366-77390e9bf746	public
subject	090587a8-6466-48fc-bc3f-82505d60bedb	tutorial-synthetic_data_set_1	NA20529	open	NA20529	6f8d9f00-1d0e-4225-a366-77390e9bf746	public
subject	090ef5c3-761e-4678-869c-fb04b25df231	tutorial-synthetic_data_set_1	HG00233	open	HG00233	6f8d9f00-1d0e-4225-a366-77390e9bf746	public
subject	0940ccc3-7454-4f28-9519-042dc76debb9	tutorial-synthetic_data_set_1	HG02979	open	HG02979	6f8d9f00-1d0e-4225-a366-77390e9bf746	public
subject	0957301a-c5d1-4175-8ab8-75d2af9b8ae0	tutorial-synthetic_data_set_1	HG02051	open	HG02051	6f8d9f00-1d0e-4225-a366-77390e9bf746	public
subject	0971e9a0-7995-4a45-a1ee-a9b9cdf9be1b	tutorial-synthetic_data_set_1	HG02166	open	HG02166	6f8d9f00-1d0e-4225-a366-77390e9bf746	public
subject	09a7a993-d0f3-4dcf-bd43-851a5008d4e2	tutorial-synthetic_data_set_1	HG03917	open	HG03917	6f8d9f00-1d0e-4225-a366-77390e9bf746	public
subject	09c44b19-aacc-474d-9a0f-cb7e11a95d06	tutorial-synthetic_data_set_1	HG03240	open	HG03240	6f8d9f00-1d0e-4225-a366-77390e9bf746	public
subject	09e6f667-fdd6-4655-9153-250007779cb6	tutorial-synthetic_data_set_1	HG02667	open	HG02667	6f8d9f00-1d0e-4225-a366-77390e9bf746	public
subject	0a1f6c83-0fc7-48e6-b23d-5adeeba0f555	tutorial-synthetic_data_set_1	NA06986	open	NA06986	6f8d9f00-1d0e-4225-a366-77390e9bf746	public
subject	0a382c16-4024-408a-b098-b67ed8132363	tutorial-synthetic_data_set_1	NA18946	open	NA18946	6f8d9f00-1d0e-4225-a366-77390e9bf746	public
subject	0a6519a5-6598-4d65-b3f3-8e5b4d41955a	tutorial-synthetic_data_set_1	NA20539	open	NA20539	6f8d9f00-1d0e-4225-a366-77390e9bf746	public
subject	0a74afa3-4fb7-4c1a-b6e4-9a8c0844a5ba	tutorial-synthetic_data_set_1	NA21090	open	NA21090	6f8d9f00-1d0e-4225-a366-77390e9bf746	public
subject	0ab3088d-de17-47da-b410-373c55753f1d	tutorial-synthetic_data_set_1	HG00598	open	HG00598	6f8d9f00-1d0e-4225-a366-77390e9bf746	public
subject	0b07f8f8-2e3a-4194-a143-fa4ac6f8fdc1	tutorial-synthetic_data_set_1	NA18620	open	NA18620	6f8d9f00-1d0e-4225-a366-77390e9bf746	public
subject	0b2e798d-542d-4d80-8d07-9b751ee67dd8	tutorial-synthetic_data_set_1	HG00379	open	HG00379	6f8d9f00-1d0e-4225-a366-77390e9bf746	public
subject	0b420c2d-a8b1-49aa-a7a9-3f8dd06f8747	tutorial-synthetic_data_set_1	NA06985	open	NA06985	6f8d9f00-1d0e-4225-a366-77390e9bf746	public
subject	0b4c39e3-1d11-477e-a9db-d69b16e1886b	tutorial-synthetic_data_set_1	HG00310	open	HG00310	6f8d9f00-1d0e-4225-a366-77390e9bf746	public
subject	0b8d1454-b2ed-431f-aeaa-35e96a9c6066	tutorial-synthetic_data_set_1	HG03706	open	HG03706	6f8d9f00-1d0e-4225-a366-77390e9bf746	public
subject	0bb3c814-87b1-4c25-94af-b893bfca5932	tutorial-synthetic_data_set_1	NA20889	open	NA20889	6f8d9f00-1d0e-4225-a366-77390e9bf746	public
subject	0bbec20a-77a3-4756-833b-0dc73d4f7776	tutorial-synthetic_data_set_1	HG02649	open	HG02649	6f8d9f00-1d0e-4225-a366-77390e9bf746	public
subject	0bc46664-2800-4963-8c16-b8b0a0ad94eb	tutorial-synthetic_data_set_1	HG01938	open	HG01938	6f8d9f00-1d0e-4225-a366-77390e9bf746	public
subject	0bcc562e-7b89-4f8f-8de7-41ceb109d2ac	tutorial-synthetic_data_set_1	HG01766	open	HG01766	6f8d9f00-1d0e-4225-a366-77390e9bf746	public
subject	0bdd04f3-7129-4566-8b1e-32013c47d8fc	tutorial-synthetic_data_set_1	HG03518	open	HG03518	6f8d9f00-1d0e-4225-a366-77390e9bf746	public
subject	0be78cf1-6b11-42a1-9d23-0331401666a0	tutorial-synthetic_data_set_1	HG01956	open	HG01956	6f8d9f00-1d0e-4225-a366-77390e9bf746	public
subject	0be9422c-a01e-4d2d-b90b-3c1178be1336	tutorial-synthetic_data_set_1	HG00131	open	HG00131	6f8d9f00-1d0e-4225-a366-77390e9bf746	public
subject	0c1ed3c0-5c43-4f89-89c0-3373acf39091	tutorial-synthetic_data_set_1	HG00422	open	HG00422	6f8d9f00-1d0e-4225-a366-77390e9bf746	public
subject	0c37fbe9-d071-4024-876f-a4e679fcd45c	tutorial-synthetic_data_set_1	HG01802	open	HG01802	6f8d9f00-1d0e-4225-a366-77390e9bf746	public
subject	0c3c446d-483c-4a31-bad2-0a1d236425db	tutorial-synthetic_data_set_1	NA19238	open	NA19238	6f8d9f00-1d0e-4225-a366-77390e9bf746	public
subject	0c6e4ad3-3e4f-49f5-9032-e7d9eaa74fd6	tutorial-synthetic_data_set_1	HG03209	open	HG03209	6f8d9f00-1d0e-4225-a366-77390e9bf746	public
subject	0c6f9b8e-13e8-4e65-814a-1b3754c4d3fd	tutorial-synthetic_data_set_1	HG03900	open	HG03900	6f8d9f00-1d0e-4225-a366-77390e9bf746	public
subject	0c79e235-edbf-4bc3-b233-cbcc0a351f4a	tutorial-synthetic_data_set_1	NA20502	open	NA20502	6f8d9f00-1d0e-4225-a366-77390e9bf746	public
subject	0c7cb1a6-21db-4545-b293-87c802982d71	tutorial-synthetic_data_set_1	HG03163	open	HG03163	6f8d9f00-1d0e-4225-a366-77390e9bf746	public
subject	0c811aa9-45db-4bbf-b96b-eb8ad367752e	tutorial-synthetic_data_set_1	HG03391	open	HG03391	6f8d9f00-1d0e-4225-a366-77390e9bf746	public
subject	0ca556a4-471c-4a9a-bb49-315fd938828a	tutorial-synthetic_data_set_1	HG02508	open	HG02508	6f8d9f00-1d0e-4225-a366-77390e9bf746	public
subject	0caa371c-01e0-4b78-9e13-3eda040e4ad6	tutorial-synthetic_data_set_1	HG00956	open	HG00956	6f8d9f00-1d0e-4225-a366-77390e9bf746	public
subject	0cb69570-0d14-4ce6-ad03-4da70a00e305	tutorial-synthetic_data_set_1	HG04063	open	HG04063	6f8d9f00-1d0e-4225-a366-77390e9bf746	public
subject	0cc0f024-1060-47e5-b43d-da760aa9910c	tutorial-synthetic_data_set_1	NA20903	open	NA20903	6f8d9f00-1d0e-4225-a366-77390e9bf746	public
subject	0cce2a65-198a-4667-ab32-fb2e7df46343	tutorial-synthetic_data_set_1	NA21125	open	NA21125	6f8d9f00-1d0e-4225-a366-77390e9bf746	public
subject	0cda1577-a2e6-4d33-a388-567441e0a308	tutorial-synthetic_data_set_1	NA18538	open	NA18538	6f8d9f00-1d0e-4225-a366-77390e9bf746	public
subject	0d3adef0-b7dc-4ff0-aba9-03489f2af744	tutorial-synthetic_data_set_1	NA19399	open	NA19399	6f8d9f00-1d0e-4225-a366-77390e9bf746	public
subject	0d3ef5ad-cb39-4492-9e7f-9a8bca8b643b	tutorial-synthetic_data_set_1	HG00531	open	HG00531	6f8d9f00-1d0e-4225-a366-77390e9bf746	public
subject	0d40b372-d4ed-4f71-b646-9badf1a82b3e	tutorial-synthetic_data_set_1	HG02085	open	HG02085	6f8d9f00-1d0e-4225-a366-77390e9bf746	public
subject	0d4fcb0d-c741-4369-964d-de82d82a8f2a	tutorial-synthetic_data_set_1	NA12144	open	NA12144	6f8d9f00-1d0e-4225-a366-77390e9bf746	public
subject	0d5e1449-84e7-4554-96f5-25621750169f	tutorial-synthetic_data_set_1	HG01170	open	HG01170	6f8d9f00-1d0e-4225-a366-77390e9bf746	public
subject	0d74aa3f-5fea-4ba5-9cbb-3586917f41d6	tutorial-synthetic_data_set_1	NA18534	open	NA18534	6f8d9f00-1d0e-4225-a366-77390e9bf746	public
subject	0d761269-ec69-4eeb-a298-b08465cebbf1	tutorial-synthetic_data_set_1	HG04026	open	HG04026	6f8d9f00-1d0e-4225-a366-77390e9bf746	public
subject	0d830ac1-7992-4d9f-abd3-4e3c6957d68a	tutorial-synthetic_data_set_1	NA19404	open	NA19404	6f8d9f00-1d0e-4225-a366-77390e9bf746	public
subject	0da25b5c-f681-4177-b30e-ef65dac622cb	tutorial-synthetic_data_set_1	NA20854	open	NA20854	6f8d9f00-1d0e-4225-a366-77390e9bf746	public
subject	0dd1d7ca-59d6-433c-9f9c-d03796f5e114	tutorial-synthetic_data_set_1	HG02787	open	HG02787	6f8d9f00-1d0e-4225-a366-77390e9bf746	public
subject	0dd3a347-4dad-4921-b436-2c6d4fc7cf94	tutorial-synthetic_data_set_1	HG01403	open	HG01403	6f8d9f00-1d0e-4225-a366-77390e9bf746	public
subject	0debbe64-250e-4c4f-af24-086ab6fe6cc6	tutorial-synthetic_data_set_1	HG01052	open	HG01052	6f8d9f00-1d0e-4225-a366-77390e9bf746	public
subject	0dfa4201-5bcf-4308-b60d-373cc1b99623	tutorial-synthetic_data_set_1	HG01684	open	HG01684	6f8d9f00-1d0e-4225-a366-77390e9bf746	public
subject	0e28e42a-4e78-4643-a435-4c539963c759	tutorial-synthetic_data_set_1	HG00593	open	HG00593	6f8d9f00-1d0e-4225-a366-77390e9bf746	public
subject	0e29e375-bd1b-4453-9f37-57646984c8da	tutorial-synthetic_data_set_1	HG04158	open	HG04158	6f8d9f00-1d0e-4225-a366-77390e9bf746	public
subject	0e31954d-ec29-4b53-a440-8d5ce64597a4	tutorial-synthetic_data_set_1	HG01977	open	HG01977	6f8d9f00-1d0e-4225-a366-77390e9bf746	public
subject	0e3ff47b-82ea-4e29-8fe9-2f24729fa3c0	tutorial-synthetic_data_set_1	HG02624	open	HG02624	6f8d9f00-1d0e-4225-a366-77390e9bf746	public
subject	0e402aa3-40e6-400f-a7d1-8b40dbb14a85	tutorial-synthetic_data_set_1	HG00641	open	HG00641	6f8d9f00-1d0e-4225-a366-77390e9bf746	public
subject	0e4355f2-7945-4f15-9329-293a767b969a	tutorial-synthetic_data_set_1	HG03600	open	HG03600	6f8d9f00-1d0e-4225-a366-77390e9bf746	public
subject	0e582158-96c0-45a7-9754-26e03ff2da58	tutorial-synthetic_data_set_1	NA12283	open	NA12283	6f8d9f00-1d0e-4225-a366-77390e9bf746	public
subject	0ecfe01c-49c2-4e0a-a479-99048c6105b8	tutorial-synthetic_data_set_1	NA20320	open	NA20320	6f8d9f00-1d0e-4225-a366-77390e9bf746	public
subject	0ee8da3b-10f7-449c-bf31-8a6c3bd3c9ba	tutorial-synthetic_data_set_1	NA20514	open	NA20514	6f8d9f00-1d0e-4225-a366-77390e9bf746	public
subject	0f3f9e02-e78f-40f3-b61d-ec9bac135660	tutorial-synthetic_data_set_1	HG02256	open	HG02256	6f8d9f00-1d0e-4225-a366-77390e9bf746	public
subject	0f93fea6-be20-4e78-a2c3-de6de7125270	tutorial-synthetic_data_set_1	NA18984	open	NA18984	6f8d9f00-1d0e-4225-a366-77390e9bf746	public
subject	0f9e6f95-7654-404b-b94d-54fd96e3e5a1	tutorial-synthetic_data_set_1	NA20505	open	NA20505	6f8d9f00-1d0e-4225-a366-77390e9bf746	public
subject	0fb7bc7e-380b-45fc-8c31-65e177c68d3f	tutorial-synthetic_data_set_1	HG01926	open	HG01926	6f8d9f00-1d0e-4225-a366-77390e9bf746	public
subject	0fbc3fa0-c289-4065-b38c-ccbb439605ef	tutorial-synthetic_data_set_1	HG03905	open	HG03905	6f8d9f00-1d0e-4225-a366-77390e9bf746	public
subject	0ffe29b5-5e1d-45a4-8064-cbcddf47a725	tutorial-synthetic_data_set_1	HG03667	open	HG03667	6f8d9f00-1d0e-4225-a366-77390e9bf746	public
subject	101a4b92-5292-40d6-95cd-61f41590d957	tutorial-synthetic_data_set_1	NA19391	open	NA19391	6f8d9f00-1d0e-4225-a366-77390e9bf746	public
subject	10693fef-eb72-451f-b8f0-d041ebb2a7d0	tutorial-synthetic_data_set_1	HG00693	open	HG00693	6f8d9f00-1d0e-4225-a366-77390e9bf746	public
subject	106ba88b-cf15-4c55-af91-79700c691eee	tutorial-synthetic_data_set_1	HG03940	open	HG03940	6f8d9f00-1d0e-4225-a366-77390e9bf746	public
subject	109a79d9-527e-41c8-8c07-8edd36d2521b	tutorial-synthetic_data_set_1	HG04054	open	HG04054	6f8d9f00-1d0e-4225-a366-77390e9bf746	public
subject	10b34a81-497f-44ec-9236-86744dc3efc1	tutorial-synthetic_data_set_1	HG03882	open	HG03882	6f8d9f00-1d0e-4225-a366-77390e9bf746	public
subject	10c012fa-6a0a-4dab-a6c9-acbbd5115709	tutorial-synthetic_data_set_1	NA18908	open	NA18908	6f8d9f00-1d0e-4225-a366-77390e9bf746	public
subject	10d91b3b-f387-4cc3-b8ea-fa0987297f2c	tutorial-synthetic_data_set_1	HG03237	open	HG03237	6f8d9f00-1d0e-4225-a366-77390e9bf746	public
subject	10fe740a-8961-4b90-8d49-f6e7644a55dd	tutorial-synthetic_data_set_1	HG02840	open	HG02840	6f8d9f00-1d0e-4225-a366-77390e9bf746	public
subject	1105af3e-850a-4d30-b434-959765074cb9	tutorial-synthetic_data_set_1	HG04093	open	HG04093	6f8d9f00-1d0e-4225-a366-77390e9bf746	public
subject	11145b66-b3a3-47ae-aab4-697729c03497	tutorial-synthetic_data_set_1	HG01464	open	HG01464	6f8d9f00-1d0e-4225-a366-77390e9bf746	public
subject	11752ddc-030a-41af-826b-8eb4c387c7d0	tutorial-synthetic_data_set_1	HG03974	open	HG03974	6f8d9f00-1d0e-4225-a366-77390e9bf746	public
subject	11a6c3b7-b472-4e75-845e-bde8441162ef	tutorial-synthetic_data_set_1	NA19783	open	NA19783	6f8d9f00-1d0e-4225-a366-77390e9bf746	public
subject	1204e9e9-1e5b-470d-8b8e-2a801c82ad1f	tutorial-synthetic_data_set_1	HG02139	open	HG02139	6f8d9f00-1d0e-4225-a366-77390e9bf746	public
subject	1217c42b-ced8-4d78-9832-e37d895097e5	tutorial-synthetic_data_set_1	HG03476	open	HG03476	6f8d9f00-1d0e-4225-a366-77390e9bf746	public
subject	121a3369-2068-47da-b35e-dd0e4238ce4c	tutorial-synthetic_data_set_1	HG03817	open	HG03817	6f8d9f00-1d0e-4225-a366-77390e9bf746	public
subject	121d77a0-fc55-468c-ade9-9c1687db0073	tutorial-synthetic_data_set_1	HG03369	open	HG03369	6f8d9f00-1d0e-4225-a366-77390e9bf746	public
subject	1255ae42-b6e2-4260-b580-48059a8e8415	tutorial-synthetic_data_set_1	NA19909	open	NA19909	6f8d9f00-1d0e-4225-a366-77390e9bf746	public
subject	12642469-7f9a-4fdb-83b3-580d6daad139	tutorial-synthetic_data_set_1	NA18856	open	NA18856	6f8d9f00-1d0e-4225-a366-77390e9bf746	public
subject	12662b24-9790-4c1b-aca1-4532e70e671d	tutorial-synthetic_data_set_1	HG02379	open	HG02379	6f8d9f00-1d0e-4225-a366-77390e9bf746	public
subject	127857b4-7c63-4072-8954-ca9ae5b80c05	tutorial-synthetic_data_set_1	HG00180	open	HG00180	6f8d9f00-1d0e-4225-a366-77390e9bf746	public
subject	127c57d3-2204-4e87-8477-80b1c1bcd6db	tutorial-synthetic_data_set_1	HG03625	open	HG03625	6f8d9f00-1d0e-4225-a366-77390e9bf746	public
subject	128b3b2a-5e21-4909-aa0d-ccfdea56639f	tutorial-synthetic_data_set_1	HG03078	open	HG03078	6f8d9f00-1d0e-4225-a366-77390e9bf746	public
subject	12cf0a78-9117-4df2-a4ed-fb21cb76a2f5	tutorial-synthetic_data_set_1	HG00232	open	HG00232	6f8d9f00-1d0e-4225-a366-77390e9bf746	public
subject	12de06ec-c135-4ba9-a2cc-01edb580dc17	tutorial-synthetic_data_set_1	NA20528	open	NA20528	6f8d9f00-1d0e-4225-a366-77390e9bf746	public
subject	12df9956-7d36-4098-9ae0-a79368d75660	tutorial-synthetic_data_set_1	NA19331	open	NA19331	6f8d9f00-1d0e-4225-a366-77390e9bf746	public
subject	12e5e70b-8f6a-49d1-b867-0807d219d4d3	tutorial-synthetic_data_set_1	HG00114	open	HG00114	6f8d9f00-1d0e-4225-a366-77390e9bf746	public
subject	133c50e4-d5c8-4140-819b-661adcc33efa	tutorial-synthetic_data_set_1	HG01122	open	HG01122	6f8d9f00-1d0e-4225-a366-77390e9bf746	public
subject	1344249c-66f3-47d5-9589-a1d9209c58da	tutorial-synthetic_data_set_1	HG01626	open	HG01626	6f8d9f00-1d0e-4225-a366-77390e9bf746	public
subject	1352e910-793e-45b9-b3cb-9fb85ed6eb7e	tutorial-synthetic_data_set_1	HG03772	open	HG03772	6f8d9f00-1d0e-4225-a366-77390e9bf746	public
subject	136f9e27-f338-43b9-bafe-cbdb955364be	tutorial-synthetic_data_set_1	HG02407	open	HG02407	6f8d9f00-1d0e-4225-a366-77390e9bf746	public
subject	13ad72ae-7b03-41c5-8623-db1752031e73	tutorial-synthetic_data_set_1	HG00118	open	HG00118	6f8d9f00-1d0e-4225-a366-77390e9bf746	public
subject	13b00ef4-4602-4333-a68e-ae9af7eb2741	tutorial-synthetic_data_set_1	NA21137	open	NA21137	6f8d9f00-1d0e-4225-a366-77390e9bf746	public
subject	13b0e072-556d-448f-80aa-d296b4eb5740	tutorial-synthetic_data_set_1	HG03998	open	HG03998	6f8d9f00-1d0e-4225-a366-77390e9bf746	public
subject	13b8a5be-6f82-4e6d-a3fa-07c044ac5867	tutorial-synthetic_data_set_1	NA18502	open	NA18502	6f8d9f00-1d0e-4225-a366-77390e9bf746	public
subject	142d17ec-3b9f-4900-ab58-2766422e33ea	tutorial-synthetic_data_set_1	HG01326	open	HG01326	6f8d9f00-1d0e-4225-a366-77390e9bf746	public
subject	14464e5d-d94b-48fc-acdd-6cc23114e7b7	tutorial-synthetic_data_set_1	HG00096	open	HG00096	6f8d9f00-1d0e-4225-a366-77390e9bf746	public
subject	14485360-1c33-46cd-9dee-280adebe87bc	tutorial-synthetic_data_set_1	HG00533	open	HG00533	6f8d9f00-1d0e-4225-a366-77390e9bf746	public
subject	145b2786-8b68-448a-bc94-a22e6d6e05d2	tutorial-synthetic_data_set_1	HG02731	open	HG02731	6f8d9f00-1d0e-4225-a366-77390e9bf746	public
subject	14857dac-2b5d-44cd-a7a5-927957a82d27	tutorial-synthetic_data_set_1	NA21094	open	NA21094	6f8d9f00-1d0e-4225-a366-77390e9bf746	public
subject	148b65fd-4781-4934-846e-fe3fe0480509	tutorial-synthetic_data_set_1	HG02315	open	HG02315	6f8d9f00-1d0e-4225-a366-77390e9bf746	public
subject	14943d0c-4188-4f28-92d0-8f447ce6d001	tutorial-synthetic_data_set_1	HG03021	open	HG03021	6f8d9f00-1d0e-4225-a366-77390e9bf746	public
subject	14bf5512-8ca3-47ca-b3b8-2a570e143ddd	tutorial-synthetic_data_set_1	HG01710	open	HG01710	6f8d9f00-1d0e-4225-a366-77390e9bf746	public
subject	14d290d3-4bb8-4db1-bf74-772ccd49576c	tutorial-synthetic_data_set_1	NA19383	open	NA19383	6f8d9f00-1d0e-4225-a366-77390e9bf746	public
subject	14e13a40-8675-4fa5-90f2-5d4ef59268ec	tutorial-synthetic_data_set_1	HG02804	open	HG02804	6f8d9f00-1d0e-4225-a366-77390e9bf746	public
subject	15127698-ce93-4712-86e1-4665ebc2bdd9	tutorial-synthetic_data_set_1	HG03436	open	HG03436	6f8d9f00-1d0e-4225-a366-77390e9bf746	public
subject	153c5998-31fc-4d8d-954c-49e4e8ad0aa7	tutorial-synthetic_data_set_1	NA19749	open	NA19749	6f8d9f00-1d0e-4225-a366-77390e9bf746	public
subject	158d31ae-0371-43fd-8e93-9afc0d6a7643	tutorial-synthetic_data_set_1	NA19700	open	NA19700	6f8d9f00-1d0e-4225-a366-77390e9bf746	public
subject	159ba536-1618-4bc4-9d3d-043d559c067b	tutorial-synthetic_data_set_1	HG01375	open	HG01375	6f8d9f00-1d0e-4225-a366-77390e9bf746	public
subject	15cea905-73f6-426b-a008-f9d698495cce	tutorial-synthetic_data_set_1	HG04161	open	HG04161	6f8d9f00-1d0e-4225-a366-77390e9bf746	public
subject	15deba7f-bb46-4467-8ce5-02f1b4b3742b	tutorial-synthetic_data_set_1	NA19225	open	NA19225	6f8d9f00-1d0e-4225-a366-77390e9bf746	public
subject	161f05d0-d1e1-4efb-b1de-0d1e63246625	tutorial-synthetic_data_set_1	NA19451	open	NA19451	6f8d9f00-1d0e-4225-a366-77390e9bf746	public
subject	1625dc59-b7f8-4ee2-ad8e-df4ff0071f81	tutorial-synthetic_data_set_1	NA18986	open	NA18986	6f8d9f00-1d0e-4225-a366-77390e9bf746	public
subject	165c4de0-eda0-4088-bbc4-eb49bd58ecba	tutorial-synthetic_data_set_1	NA19041	open	NA19041	6f8d9f00-1d0e-4225-a366-77390e9bf746	public
subject	16a79abc-c395-470d-aaeb-9f107748d646	tutorial-synthetic_data_set_1	NA20818	open	NA20818	6f8d9f00-1d0e-4225-a366-77390e9bf746	public
subject	16e61eec-26d8-4d79-a556-c394bfdb1e04	tutorial-synthetic_data_set_1	HG03234	open	HG03234	6f8d9f00-1d0e-4225-a366-77390e9bf746	public
subject	16fad6b4-eb24-4e69-927e-3f72b5b83e86	tutorial-synthetic_data_set_1	HG00132	open	HG00132	6f8d9f00-1d0e-4225-a366-77390e9bf746	public
subject	170bce36-c27f-4536-8ace-3e0d1514399f	tutorial-synthetic_data_set_1	HG00566	open	HG00566	6f8d9f00-1d0e-4225-a366-77390e9bf746	public
subject	170d5294-8a23-403e-bcd2-9a3a9ac8e261	tutorial-synthetic_data_set_1	NA19055	open	NA19055	6f8d9f00-1d0e-4225-a366-77390e9bf746	public
subject	174a8799-4567-41dc-ba70-42fdec5f03d9	tutorial-synthetic_data_set_1	NA18635	open	NA18635	6f8d9f00-1d0e-4225-a366-77390e9bf746	public
subject	1758d5fd-aff7-46ef-a36f-1d8e7afe58ff	tutorial-synthetic_data_set_1	HG03247	open	HG03247	6f8d9f00-1d0e-4225-a366-77390e9bf746	public
subject	175cf827-9790-4d9a-9433-5412a56f6fe2	tutorial-synthetic_data_set_1	NA21123	open	NA21123	6f8d9f00-1d0e-4225-a366-77390e9bf746	public
subject	177b3a9e-fbd8-4e44-96eb-ab644fbc7ef2	tutorial-synthetic_data_set_1	NA11881	open	NA11881	6f8d9f00-1d0e-4225-a366-77390e9bf746	public
subject	179af481-7264-4f60-9d3e-65bc9534f057	tutorial-synthetic_data_set_1	NA18539	open	NA18539	6f8d9f00-1d0e-4225-a366-77390e9bf746	public
subject	17a15025-1cea-41c1-8b06-4b16edbb473c	tutorial-synthetic_data_set_1	HG02545	open	HG02545	6f8d9f00-1d0e-4225-a366-77390e9bf746	public
subject	17e21fe1-5471-424d-b407-41bfc3d9197b	tutorial-synthetic_data_set_1	HG00729	open	HG00729	6f8d9f00-1d0e-4225-a366-77390e9bf746	public
subject	180a092b-f97c-4eda-9228-4e9e7710c7e7	tutorial-synthetic_data_set_1	HG01140	open	HG01140	6f8d9f00-1d0e-4225-a366-77390e9bf746	public
subject	181b7fed-c04f-4bca-a1b2-4e751454f775	tutorial-synthetic_data_set_1	NA20351	open	NA20351	6f8d9f00-1d0e-4225-a366-77390e9bf746	public
subject	183ecb41-e5da-4574-94a5-cfd95ac4ad74	tutorial-synthetic_data_set_1	HG03117	open	HG03117	6f8d9f00-1d0e-4225-a366-77390e9bf746	public
subject	184b0815-243e-4321-a285-e0fb67ab1910	tutorial-synthetic_data_set_1	NA20281	open	NA20281	6f8d9f00-1d0e-4225-a366-77390e9bf746	public
subject	185cb74f-ea19-496d-8999-38f37d370d3e	tutorial-synthetic_data_set_1	HG00259	open	HG00259	6f8d9f00-1d0e-4225-a366-77390e9bf746	public
subject	186104cc-f7cd-4905-bd1b-746abaef8e5e	tutorial-synthetic_data_set_1	HG00141	open	HG00141	6f8d9f00-1d0e-4225-a366-77390e9bf746	public
subject	18695b1c-210c-4913-ae50-b7eb0c75cad9	tutorial-synthetic_data_set_1	NA18965	open	NA18965	6f8d9f00-1d0e-4225-a366-77390e9bf746	public
subject	186eb7c8-6ff8-4641-83ea-244e43b0921d	tutorial-synthetic_data_set_1	HG01365	open	HG01365	6f8d9f00-1d0e-4225-a366-77390e9bf746	public
subject	187d3af7-c333-445f-afa6-63625401b6e0	tutorial-synthetic_data_set_1	HG03311	open	HG03311	6f8d9f00-1d0e-4225-a366-77390e9bf746	public
subject	18881b20-cb5f-4fc9-a186-5cd4806c8477	tutorial-synthetic_data_set_1	HG00139	open	HG00139	6f8d9f00-1d0e-4225-a366-77390e9bf746	public
subject	1890cad8-30da-4f42-ab3b-41d3f1da13a3	tutorial-synthetic_data_set_1	HG02613	open	HG02613	6f8d9f00-1d0e-4225-a366-77390e9bf746	public
subject	189ee635-4da3-4b9b-a77e-3db5ceafe5b2	tutorial-synthetic_data_set_1	HG02031	open	HG02031	6f8d9f00-1d0e-4225-a366-77390e9bf746	public
subject	18c0cf66-7089-42b6-b725-b9266a8b5bf5	tutorial-synthetic_data_set_1	HG01596	open	HG01596	6f8d9f00-1d0e-4225-a366-77390e9bf746	public
subject	18d0686a-9b5f-4482-a2ea-74066362f32a	tutorial-synthetic_data_set_1	NA19774	open	NA19774	6f8d9f00-1d0e-4225-a366-77390e9bf746	public
subject	18f25269-3f8c-481b-9cbe-d8c357558554	tutorial-synthetic_data_set_1	HG01527	open	HG01527	6f8d9f00-1d0e-4225-a366-77390e9bf746	public
subject	18f5b57e-d025-4bd1-9e3a-aeb990a360a5	tutorial-synthetic_data_set_1	HG00473	open	HG00473	6f8d9f00-1d0e-4225-a366-77390e9bf746	public
subject	18f854b7-ba78-44fe-9aea-e21fdf3eda01	tutorial-synthetic_data_set_1	HG02895	open	HG02895	6f8d9f00-1d0e-4225-a366-77390e9bf746	public
subject	1919ec31-a6ac-4f00-9d41-482d02b17aa3	tutorial-synthetic_data_set_1	HG04194	open	HG04194	6f8d9f00-1d0e-4225-a366-77390e9bf746	public
subject	191aa5f6-1254-48f1-9759-3c330a9d06cd	tutorial-synthetic_data_set_1	HG01882	open	HG01882	6f8d9f00-1d0e-4225-a366-77390e9bf746	public
subject	191afe46-4b25-40f8-9c2c-59ce724ac95b	tutorial-synthetic_data_set_1	NA20544	open	NA20544	6f8d9f00-1d0e-4225-a366-77390e9bf746	public
subject	191d9adf-e8a5-4ff4-ac0c-8a61ab02cf90	tutorial-synthetic_data_set_1	HG02389	open	HG02389	6f8d9f00-1d0e-4225-a366-77390e9bf746	public
subject	1927c31c-ae0a-473a-80ad-cbca80537697	tutorial-synthetic_data_set_1	HG03934	open	HG03934	6f8d9f00-1d0e-4225-a366-77390e9bf746	public
